nose_x,nose_y,nose_x_px,nose_y_px,nose_visibility,left_shoulder_x,left_shoulder_y,left_shoulder_x_px,left_shoulder_y_px,left_shoulder_visibility,right_shoulder_x,right_shoulder_y,right_shoulder_x_px,right_shoulder_y_px,right_shoulder_visibility,left_hip_x,left_hip_y,left_hip_x_px,left_hip_y_px,left_hip_visibility,right_hip_x,right_hip_y,right_hip_x_px,right_hip_y_px,right_hip_visibility,neck_angle,shoulder_angle,hip_angle,torso_angle,image_name,image_path,label
0.5950965881347656,0.41305381059646606,329,228,0.9996026158332825,0.7220543026924133,0.5228849649429321,400,289,0.9992445707321167,0.7104216814041138,0.49193698167800903,393,272,0.9983421564102173,0.7420384287834167,0.9086321592330933,411,503,0.9121144413948059,0.7040444612503052,0.8552252650260925,390,473,0.8996180295944214,-52.084938891145356,-110.60006348914847,-125.42826272724152,-1.0407151125152156,att.05U6U7QL0anEql6igUuxvzih7xRBWij3wcOgj_X_gvA.JPG,data\train_images\normal\att.05U6U7QL0anEql6igUuxvzih7xRBWij3wcOgj_X_gvA.JPG,normal
0.56302410364151,0.5180566310882568,266,317,0.9994558691978455,0.8814621567726135,0.5481351613998413,417,336,0.9660119414329529,0.6796553134918213,0.535539984703064,322,328,0.9889839291572571,1.3428404331207275,0.7321495413780212,636,448,0.426445335149765,1.197581171989441,0.7972502112388611,567,488,0.6111617684364319,-83.76118509820668,-176.42868580153072,155.85956566712255,-65.52761982961685,att.5qNGK94cEDE7u2kAbI1eAnvj8Us0XGgTrHrAtIQV7bA.JPG,data\train_images\normal\att.5qNGK94cEDE7u2kAbI1eAnvj8Us0XGgTrHrAtIQV7bA.JPG,normal
0.7545126080513,0.2578543722629547,361,107,0.9999996423721313,0.8327157497406006,0.359561026096344,398,149,0.9999908208847046,0.6991122961044312,0.36363619565963745,334,151,0.9999722242355347,0.7820253372192383,0.5644401907920837,374,235,0.9999459981918335,0.6990486979484558,0.5472659468650818,334,228,0.9999111890792847,-6.271595357065837,178.25290709134958,-168.3062186631672,7.442853915404262,att.6nhAazp-N6FDpUYoltOhCwEdi49EV8pB-rRs_e6zwkM.JPG,data\train_images\normal\att.6nhAazp-N6FDpUYoltOhCwEdi49EV8pB-rRs_e6zwkM.JPG,normal
0.35194775462150574,0.2953786551952362,360,302,0.9999914169311523,0.2278325855731964,0.3998274505138397,233,409,0.999750554561615,0.2881084680557251,0.4324662685394287,295,442,0.9999817609786987,0.3251308500766754,0.7454234957695007,332,763,0.9991631507873535,0.34824222326278687,0.7950254678726196,356,814,0.9995864033699036,37.88869782158068,28.435124340142504,65.01746636388525,-12.533756543451531,att.75s2yfN5__vhOEGRnch5ZDALkMk3eeHsLFOvoQYr8m4.JPG,data\train_images\normal\att.75s2yfN5__vhOEGRnch5ZDALkMk3eeHsLFOvoQYr8m4.JPG,normal
0.6725141406059265,0.31772539019584656,372,176,0.9999791383743286,0.7236587405204773,0.39437350630760193,400,218,0.9984982013702393,0.7120481729507446,0.37708884477615356,394,208,0.9995132684707642,0.7260903120040894,0.5784304738044739,402,320,0.9997606873512268,0.7289578318595886,0.5622777342796326,403,311,0.9996775388717651,-33.691307499155705,-123.8903094331541,-79.93342560218268,-2.998433210281761,att.7qDrF1uHa1iVm12wdL6Wa6l-waS3PAmazhhUyDpB_lo.JPG,data\train_images\normal\att.7qDrF1uHa1iVm12wdL6Wa6l-waS3PAmazhhUyDpB_lo.JPG,normal
0.4564584493637085,0.3268185257911682,235,126,0.9997981190681458,0.683957576751709,0.43464380502700806,352,168,0.9988021850585938,0.3949810266494751,0.3953709602355957,203,153,0.9992252588272095,0.5777712464332581,0.8132566213607788,298,314,0.9838182330131531,0.43239036202430725,0.7615022659301758,223,294,0.9792158007621765,-43.267594086677576,-172.26073369049467,-160.40470402535098,5.276290005670539,att.7Zp72dsCoFPfeY2r2ifexPMqiSIukrRZPJk5JsnkuNA.JPG,data\train_images\normal\att.7Zp72dsCoFPfeY2r2ifexPMqiSIukrRZPJk5JsnkuNA.JPG,normal
0.5041419863700867,0.3761719763278961,428,319,0.998761773109436,0.4172607362270355,0.4366215467453003,354,371,0.9985024929046631,0.4058760404586792,0.4437871277332306,344,377,0.9998083710670471,0.38456395268440247,0.6597204804420471,326,560,0.9994218349456787,0.37653475999832153,0.6713787913322449,320,570,0.9994131326675415,55.32872385279447,147.81349601481884,124.5555644743544,7.837574026266114,att.80XISHqOuNuWNXzAPruPWysXdZAV6yU_DXHEW4mHCVw.JPG,data\train_images\normal\att.80XISHqOuNuWNXzAPruPWysXdZAV6yU_DXHEW4mHCVw.JPG,normal
0.4283864498138428,0.26800811290740967,221,103,0.9881626963615417,0.41257062554359436,0.44641780853271484,213,172,0.9975293278694153,0.18618255853652954,0.4283294677734375,96,165,0.9952579140663147,0.32052624225616455,0.8579057455062866,166,331,0.9836093187332153,0.18814875185489655,0.8676915168762207,97,334,0.974179744720459,37.29741028371053,-175.43178847327613,175.77220099067506,6.043305795260867,att.86E6z1XK82zIBu8j7geCtLxQnJqveeGiBTamMw9Jyoc.JPG,data\train_images\normal\att.86E6z1XK82zIBu8j7geCtLxQnJqveeGiBTamMw9Jyoc.JPG,normal
0.4063618779182434,0.3791433572769165,234,143,0.999943733215332,0.3780566453933716,0.491168349981308,217,185,0.9984885454177856,0.2911474108695984,0.46375012397766113,167,175,0.9998444318771362,0.30595663189888,0.7813916802406311,176,295,0.9976755976676941,0.25340622663497925,0.7995361089706421,145,302,0.996862530708313,36.12535992539029,-162.49049632152136,160.9514011308115,9.951958754248162,att.92VMfIjO3Nt5nzzc9Jx5tOBH6lq9JDALsc0_V7nHtWQ.JPG,data\train_images\normal\att.92VMfIjO3Nt5nzzc9Jx5tOBH6lq9JDALsc0_V7nHtWQ.JPG,normal
0.3313913941383362,0.24618202447891235,181,89,0.9987850785255432,0.23491181433200836,0.4119020700454712,128,150,0.9972851276397705,0.17386162281036377,0.4450456202030182,95,162,0.9986177682876587,0.15599797666072845,0.8848314881324768,85,322,0.9616803526878357,0.11622928828001022,0.9282363057136536,63,338,0.9631264805793762,34.86534228171143,151.50289886359832,132.49677156699227,8.127611499082217,att.ayzrMucAua98eT2atUfo3Ln7LV2KJy_NsjNL3VzdPto.JPG,data\train_images\normal\att.ayzrMucAua98eT2atUfo3Ln7LV2KJy_NsjNL3VzdPto.JPG,normal
0.3576306104660034,0.2667815089225769,201,93,0.9997450709342957,0.37318283319473267,0.4908570945262909,210,172,0.9993360638618469,0.14462104439735413,0.4882996380329132,81,171,0.9996071457862854,0.35437914729118347,1.1389435529708862,199,400,0.08704622834920883,0.18422740697860718,1.1543577909469604,103,406,0.08652576804161072,23.899719330828457,-179.35892456357905,174.82364025184205,-0.9069063051828765,att.b6PEZ8xfWZHokuKec8GyPwdtOQughlFj9A8stqITfVI.JPG,data\train_images\normal\att.b6PEZ8xfWZHokuKec8GyPwdtOQughlFj9A8stqITfVI.JPG,normal
0.4394870102405548,0.2696214020252228,527,215,0.9978918433189392,0.38624149560928345,0.3534327745437622,463,282,0.9988904595375061,0.35465729236602783,0.37118443846702576,425,296,0.9994224309921265,0.42557528614997864,0.623174786567688,510,498,0.9928983449935913,0.4063068628311157,0.6431535482406616,487,514,0.9863922595977783,36.68040533985795,150.66216362429702,133.9631117101481,-9.534155929726207,att.B8GGskp3Vl0qLEl2LG-3hDz6dNX46-dlmOR93EqWy94.JPG,data\train_images\normal\att.B8GGskp3Vl0qLEl2LG-3hDz6dNX46-dlmOR93EqWy94.JPG,normal
0.48016631603240967,0.3531196415424347,276,114,0.999957799911499,0.590388834476471,0.4694986641407013,340,152,0.9996998310089111,0.3616511821746826,0.46332263946533203,208,150,0.9998351335525513,0.5412189960479736,0.7487655282020569,311,242,0.9929065704345703,0.42515209317207336,0.7353237867355347,244,238,0.9886848330497742,2.09601755844164,-178.4533626577158,-173.39398770274767,-1.4891578282819617,att.BhWqf-wMjFE6MnPPIOETW5RUOp0aJd35Fvy_FvAMAzI.JPG,data\train_images\normal\att.BhWqf-wMjFE6MnPPIOETW5RUOp0aJd35Fvy_FvAMAzI.JPG,normal
0.4734664559364319,0.3398696780204773,262,188,0.999941349029541,0.3385605812072754,0.46013909578323364,187,254,0.9996034502983093,0.26408812403678894,0.5078191757202148,146,281,0.9996846914291382,0.28792881965637207,0.9749338030815125,159,540,0.9493720531463623,0.2839072346687317,1.0232675075531006,157,566,0.9506570100784302,50.06547832974124,147.37109335670115,94.75631476828005,1.7130994111795277,att.BoO7YoBmtzYVbt7wMP0_4Tcr1__DItRkZ6c7QXNbRi8.JPG,data\train_images\normal\att.BoO7YoBmtzYVbt7wMP0_4Tcr1__DItRkZ6c7QXNbRi8.JPG,normal
0.6286391615867615,0.3989519774913788,1318,558,0.9997499585151672,0.7683079242706299,0.47592467069625854,1611,666,0.9990389347076416,0.5018051862716675,0.5150631070137024,1052,721,0.9998468160629272,0.7013503313064575,0.7625406980514526,1470,1067,0.9994179010391235,0.5618804693222046,0.7576148509979248,1178,1060,0.9991487264633179,-3.8030057704651092,171.64529758314822,-177.9772476981983,0.745141902022802,att.CaGQX2LwbUGMUiRDtGIig8iFZafEO-Xap8MRm5YJ4pQ.JPG,data\train_images\normal\att.CaGQX2LwbUGMUiRDtGIig8iFZafEO-Xap8MRm5YJ4pQ.JPG,normal
0.5450659394264221,0.31971555948257446,301,177,0.9998062252998352,0.5714854001998901,0.4058336019515991,316,224,0.9999771118164062,0.6083248853683472,0.40372925996780396,337,223,0.9999388456344604,0.5829417705535889,0.6571817994117737,322,364,0.9999878406524658,0.6132596731185913,0.650320291519165,339,360,0.9999831914901733,-27.79423242783417,-3.269291997850457,-12.752277662016628,-1.8853810452399304,att.cxe_C-FrGEAVoirtg2babq16vX0aXM6O8fpQ1nZdrnM.JPG,data\train_images\normal\att.cxe_C-FrGEAVoirtg2babq16vX0aXM6O8fpQ1nZdrnM.JPG,normal
0.5520933866500854,0.15507352352142334,424,79,0.9996496438980103,0.6398704051971436,0.2568892240524292,491,131,0.999855637550354,0.557489812374115,0.24461635947227478,428,125,0.9994621872901917,0.5912595391273499,0.5274675488471985,454,270,0.999077320098877,0.5434502363204956,0.49364471435546875,417,252,0.998994767665863,-25.96168622140419,-171.52653206944368,-144.72238805620677,6.875125425629835,att.DtVdwbeTiJjD2K4ULIBJ7OMVJer_ftRbeBgFGa-EzuU.JPG,data\train_images\normal\att.DtVdwbeTiJjD2K4ULIBJ7OMVJer_ftRbeBgFGa-EzuU.JPG,normal
0.2874109148979187,0.18206045031547546,81,46,0.9999420642852783,0.28254708647727966,0.2661297619342804,80,67,0.9989031553268433,0.21247568726539612,0.28864139318466187,60,73,0.9997313618659973,0.3041699528694153,0.5250869989395142,86,132,0.9938727617263794,0.2673158049583435,0.5408268570899963,76,136,0.9953629970550537,22.71235961217813,162.18949971404854,156.87339307736082,-8.507915689575242,att.fJB9_OJ-Y-sRdno6LUsQRXQtX4ppfAfeZGpBWZaO2M0.jpg,data\train_images\normal\att.fJB9_OJ-Y-sRdno6LUsQRXQtX4ppfAfeZGpBWZaO2M0.jpg,normal
0.41586899757385254,0.32248443365097046,185,144,0.9931464791297913,0.4747832417488098,0.3732074201107025,212,166,0.9995946288108826,0.4798245131969452,0.34574776887893677,214,154,0.9979251623153687,0.4867349863052368,0.5977465510368347,217,267,0.9997318387031555,0.49558505415916443,0.5829165577888489,221,260,0.9987955093383789,-58.94565025154438,-79.59700781787491,-59.17259241239151,-3.4348434095203157,att.G4dQG4hsn07BG78ZOJIHPBNkIyKWx2sRt8OaD3blL2k.JPG,data\train_images\normal\att.G4dQG4hsn07BG78ZOJIHPBNkIyKWx2sRt8OaD3blL2k.JPG,normal
0.38942259550094604,0.18181300163269043,224,58,0.9997527003288269,0.3448827266693115,0.2691992223262787,198,87,0.999210000038147,0.3418843746185303,0.2797859311103821,196,90,0.9997274279594421,0.34725838899612427,0.5438593626022339,200,176,0.9995081424713135,0.34970730543136597,0.564314067363739,201,182,0.9982348680496216,26.41611961082234,105.81310458082082,83.17282353120903,-1.0448566102156338,att.hgpkY10NWqamLOr1F8BtLohxBVBgkCLVEi8XwHrJg_c.JPG,data\train_images\normal\att.hgpkY10NWqamLOr1F8BtLohxBVBgkCLVEi8XwHrJg_c.JPG,normal
0.41490301489830017,0.4034919738769531,448,290,0.9998877048492432,0.42912495136260986,0.6116583943367004,463,440,0.9992519021034241,0.23714520037174225,0.5929315090179443,256,426,0.9984612464904785,0.41347673535346985,1.1229159832000732,446,808,0.1190657690167427,0.26306137442588806,1.1362886428833008,284,818,0.12662829458713531,22.357433185223645,-174.4286437125377,174.91948307425332,-0.5578265305319691,att.hGxwPdxbYMSrwKRcBfsW1KlWBXOQig_gInhpPWw8s-E.JPG,data\train_images\normal\att.hGxwPdxbYMSrwKRcBfsW1KlWBXOQig_gInhpPWw8s-E.JPG,normal
0.432381272315979,0.20564422011375427,345,109,0.9996416568756104,0.376412570476532,0.3391290605068207,301,180,0.9996867179870605,0.3380853533744812,0.36623716354370117,270,195,0.9993441700935364,0.4103297293186188,0.6898398995399475,328,367,0.9891130924224854,0.37945419549942017,0.7222557067871094,303,384,0.9880322217941284,27.065622398142974,144.72896556411865,133.6059111864335,-6.080634995194647,att.hHvxNpn4dKuC8qbnOYhMirHhqlyCg3pcctauZYHeb2I.JPG,data\train_images\normal\att.hHvxNpn4dKuC8qbnOYhMirHhqlyCg3pcctauZYHeb2I.JPG,normal
0.4652317762374878,0.29663628339767456,267,106,0.9999781847000122,0.553313672542572,0.384827584028244,318,138,0.9999853372573853,0.46050187945365906,0.3729763329029083,265,134,0.9997913241386414,0.5370316505432129,0.611488401889801,309,220,0.9996447563171387,0.48305171728134155,0.6089990139007568,278,219,0.9985800981521606,-26.866889257048207,-172.72321094736395,-177.35956621609006,-0.7761189440753217,att.hRMVt-iuMOTRA2M5tggDX7rkRivttkeQxiOyhGQbiiU.JPG,data\train_images\normal\att.hRMVt-iuMOTRA2M5tggDX7rkRivttkeQxiOyhGQbiiU.JPG,normal
0.5965263247489929,0.20368003845214844,257,94,0.9994969367980957,0.7114015221595764,0.28623801469802856,306,132,0.9991959929466248,0.5803778767585754,0.26389455795288086,250,122,0.9994240999221802,0.7070493102073669,0.5145806074142456,304,238,0.9984633922576904,0.6250051856040955,0.4952920079231262,269,229,0.9976744055747986,-34.66374109145416,-170.3224457961774,-166.77000213539299,-5.006561764365484,att.iNsahF6bnzsaBnfTJ__RZ4Z2JVDtwJ-NLuijKH2SjuY.JPG,data\train_images\normal\att.iNsahF6bnzsaBnfTJ__RZ4Z2JVDtwJ-NLuijKH2SjuY.JPG,normal
0.49322009086608887,0.4782349467277527,123,95,0.9997696280479431,0.44949018955230713,0.6572474837303162,112,131,0.9994876384735107,0.234503835439682,0.6350737810134888,58,127,0.9946887493133545,0.36772507429122925,1.184133529663086,91,236,0.25117403268814087,0.196920245885849,1.1851733922958374,49,237,0.17554430663585663,42.004166290468376,-174.11133264638494,179.65118665194743,6.323565633769253,att.iwF1yMYiRzNxR3RpyyN7pGvwXx5V6yYmyakzcFQWe04.JPG,data\train_images\normal\att.iwF1yMYiRzNxR3RpyyN7pGvwXx5V6yYmyakzcFQWe04.JPG,normal
0.8027041554450989,0.1479717195034027,790,90,0.9999911785125732,0.8608671426773071,0.2606319189071655,847,158,0.9997760653495789,0.7771536707878113,0.25539928674697876,765,155,0.9998445510864258,0.8384050130844116,0.531107485294342,825,323,0.9993594288825989,0.7867163419723511,0.5143290758132935,774,313,0.9994319081306458,-8.428728637518,-176.4232973586254,-162.01630207076332,1.3957892656333732,att.IZAH82O5ToSR4hUcqdXJIa8S-zZzXhI_SXhu92cNXys.JPG,data\train_images\normal\att.IZAH82O5ToSR4hUcqdXJIa8S-zZzXhI_SXhu92cNXys.JPG,normal
0.6365337371826172,0.3680397570133209,328,142,0.999702513217926,0.6338405013084412,0.43212923407554626,327,167,0.9992666840553284,0.6556417942047119,0.4304015338420868,338,166,0.9990147352218628,0.6216246485710144,0.6916227340698242,320,267,0.9999942779541016,0.6267440915107727,0.6740203499794006,323,260,0.9999948740005493,-7.396288526214263,-4.531083753449906,-73.78355950507847,4.671741234289143,att.jFkBMK6-fvt4xtqMdILUuEwMCaVBcqzvCDs8RNfTC-8.JPG,data\train_images\normal\att.jFkBMK6-fvt4xtqMdILUuEwMCaVBcqzvCDs8RNfTC-8.JPG,normal
0.5883714556694031,0.38672390580177307,303,149,0.9893026947975159,0.596588671207428,0.3405214548110962,307,131,0.9987602233886719,0.4755314290523529,0.40135446190834045,245,155,0.9950752854347229,0.45587751269340515,0.5027598142623901,235,194,0.991417646408081,0.3972092866897583,0.5332443714141846,204,206,0.993351399898529,106.79217312451854,153.3198132876101,152.54319098484962,36.674551569920624,att.K1EOm2CIdZvOOEBleCM7dv8pn8CA_nTHiawdT9aePK8.JPG,data\train_images\normal\att.K1EOm2CIdZvOOEBleCM7dv8pn8CA_nTHiawdT9aePK8.JPG,normal
0.3696988821029663,0.18576115369796753,258,146,0.9999116659164429,0.2709157168865204,0.27942195534706116,189,220,0.9997844099998474,0.2241789698600769,0.29240936040878296,156,230,0.9999877214431763,0.35579144954681396,0.5549076199531555,249,437,0.9990367889404297,0.31305959820747375,0.5846114158630371,219,461,0.9997760653495789,50.650984170763074,164.4702266900141,145.1960352307851,-17.01816374075215,att.kr6ndiKsycs_zo0uvudbepX1-Gm3Dn8uhSoCRbYAk7Q.JPG,data\train_images\normal\att.kr6ndiKsycs_zo0uvudbepX1-Gm3Dn8uhSoCRbYAk7Q.JPG,normal
0.7108296155929565,0.27988362312316895,909,238,0.9999066591262817,0.8391610980033875,0.509004533290863,1074,434,0.9991580247879028,0.7676737308502197,0.4749942719936371,982,405,0.9994296431541443,0.821550190448761,1.0165983438491821,1051,867,0.7093051075935364,0.780188798904419,0.9713850021362305,998,828,0.8450941443443298,-23.58110153954716,-154.5571352596175,-132.45243192122373,0.29080884955987557,att.lmNAUVGrxFj837fZWfQqbbtViaHwHwz5_fc9zZiYQ00.JPG,data\train_images\normal\att.lmNAUVGrxFj837fZWfQqbbtViaHwHwz5_fc9zZiYQ00.JPG,normal
0.4464656114578247,0.18164904415607452,257,69,0.9999580383300781,0.4054550230503082,0.2714218497276306,233,104,0.9997610449790955,0.3827488124370575,0.2859603762626648,220,109,0.9999879598617554,0.4569653868675232,0.473429799079895,263,181,0.999795138835907,0.43555811047554016,0.4938133656978607,250,189,0.9998716115951538,28.351204712983474,147.36903006166057,136.40323854606598,-14.279969670020217,att.lnxbOTBik0M9jO85fLwyPxHCQ8T_mE4DioF53odEakM.JPG,data\train_images\normal\att.lnxbOTBik0M9jO85fLwyPxHCQ8T_mE4DioF53odEakM.JPG,normal
0.5603744387626648,0.45150819420814514,322,146,0.9999889135360718,0.6934558153152466,0.4775506854057312,399,154,0.9999330043792725,0.46561166644096375,0.46312835812568665,268,150,0.9995792508125305,0.6090960502624512,0.7763540744781494,350,251,0.9973721504211426,0.4920112192630768,0.7696306109428406,283,249,0.9952109456062317,-45.49462436647545,-176.37806157005724,-176.71346416887826,5.469603037969208,att.n09F00zQfsR5sgVFJHvC6qwcoknxspx_7EbEfdxvoTA.JPG,data\train_images\normal\att.n09F00zQfsR5sgVFJHvC6qwcoknxspx_7EbEfdxvoTA.JPG,normal
0.44661563634872437,0.3903490900993347,257,126,0.9999896287918091,0.46223703026771545,0.5343831777572632,266,173,0.9999901056289673,0.18829098343849182,0.4729423522949219,108,153,0.9999887943267822,0.3879324197769165,1.1601300239562988,223,375,0.8062150478363037,0.21276819705963135,1.1276400089263916,122,365,0.7441588044166565,46.96177653754321,-167.35884668256315,-169.49201677192966,2.2284915733816946,att.N6msg0y5N4RYbff4ci4G0ZaTiZIJnvuCWpmbXKFkIQ0.JPG,data\train_images\normal\att.N6msg0y5N4RYbff4ci4G0ZaTiZIJnvuCWpmbXKFkIQ0.JPG,normal
0.48984917998313904,0.38973844051361084,293,155,0.9990726709365845,0.3874228000640869,0.4717964828014374,232,188,0.9990366697311401,0.21505729854106903,0.4666123688220978,129,186,0.99367755651474,0.19768790900707245,0.8444797396659851,118,337,0.9848284125328064,0.08551669120788574,0.876359224319458,51,350,0.9807767271995544,67.1530287950843,-178.27727511957147,164.13464958530813,22.198222482895265,att.NDCJmzGhaof5bImsRaD_owzbmrG7QGZqFdm-v8O51wU.JPG,data\train_images\normal\att.NDCJmzGhaof5bImsRaD_owzbmrG7QGZqFdm-v8O51wU.JPG,normal
0.264515221118927,0.2507264018058777,211,133,0.9996589422225952,0.21996867656707764,0.41706618666648865,175,222,0.9992544054985046,0.16787642240524292,0.44839805364608765,134,239,0.9997298121452332,0.3270070552825928,0.7857705354690552,261,419,0.9957488179206848,0.29817092418670654,0.8282276391983032,238,442,0.9954025745391846,21.199262819787894,148.97440300769196,124.18366942958588,-17.59192744289871,att.NE1wvn7aKEElYD6F8LPuDhvHb0opDXDtwBTHpWF5u4c.JPG,data\train_images\normal\att.NE1wvn7aKEElYD6F8LPuDhvHb0opDXDtwBTHpWF5u4c.JPG,normal
0.30554354190826416,0.33301353454589844,244,266,0.9999393224716187,0.16388538479804993,0.507451057434082,131,405,0.9998608827590942,0.2201661616563797,0.5424522161483765,176,433,0.9999276399612427,0.22411082684993744,0.8734199404716492,179,698,0.9966256618499756,0.23895353078842163,0.9307526350021362,191,744,0.9974057078361511,30.60130293649725,31.877586102697514,75.48551855414841,-5.980157898314355,att.NEtiucbgYHm4F7dXVrz6Uoj2apRs_wmh_4ihnogxugQ.JPG,data\train_images\normal\att.NEtiucbgYHm4F7dXVrz6Uoj2apRs_wmh_4ihnogxugQ.JPG,normal
0.43203991651535034,0.36693787574768066,345,198,0.9971734285354614,0.7791038751602173,0.40047764778137207,623,216,0.9946554899215698,0.47405269742012024,0.43693292140960693,379,235,0.9994783997535706,0.8504235744476318,0.8523269295692444,680,460,0.8886293768882751,0.6722016334533691,0.8200177550315857,537,442,0.9533495903015137,-75.09869326539452,173.18516246578474,-169.72466244880536,-17.88709025907939,att.NUTGKmMxP7QS0GUHKerlWU8Qk0ef8Ihk3py1pDNpJaM.JPG,data\train_images\normal\att.NUTGKmMxP7QS0GUHKerlWU8Qk0ef8Ihk3py1pDNpJaM.JPG,normal
0.34238284826278687,0.4422919750213623,197,191,0.9976649284362793,0.20660190284252167,0.46279004216194153,119,199,0.9969202280044556,0.2841390073299408,0.5057588815689087,163,218,0.9992357492446899,0.1651705950498581,0.8197394013404846,95,354,0.9707745909690857,0.20073026418685913,0.8541083335876465,115,368,0.9855188131332397,66.59926599831002,28.993962944563744,44.02446775362199,10.037564340808242,att.nXrNYYeXccY1CjGf8wIrAGL2rfO34ZMoiBrTx6Cqm7E.JPG,data\train_images\normal\att.nXrNYYeXccY1CjGf8wIrAGL2rfO34ZMoiBrTx6Cqm7E.JPG,normal
0.5110383629798889,0.48685353994369507,383,243,0.9998805522918701,0.6776790618896484,0.6371787786483765,508,318,0.9997873902320862,0.554104208946228,0.6380653977394104,415,319,0.9997907280921936,0.6975387930870056,1.049186110496521,523,524,0.6037548184394836,0.5875109434127808,1.0536832809448242,440,526,0.7263125777244568,-34.81701160681184,179.58892396714785,177.65945128144878,-3.6825123846731223,att.NZZz0eVDvjvqUz7Uj2SyLXaXTvnf4FILE2crCGWUqjg.JPG,data\train_images\normal\att.NZZz0eVDvjvqUz7Uj2SyLXaXTvnf4FILE2crCGWUqjg.JPG,normal
0.553568959236145,0.3941623568534851,318,140,0.9784671068191528,0.46364519000053406,0.38814011216163635,267,138,0.9897312521934509,0.3812323212623596,0.46121323108673096,219,164,0.9418808221817017,0.2719746530056,0.6564174294471741,156,234,0.9866669774055481,0.2402684986591339,0.690412163734436,138,246,0.9886647462844849,76.9002650634552,138.4375189116979,133.0050045189633,33.768417534147055,att.O3otpxBlYcXKCfotqzDXBSkzlAZqqbFO_8w66SNX4MU.JPG,data\train_images\normal\att.O3otpxBlYcXKCfotqzDXBSkzlAZqqbFO_8w66SNX4MU.JPG,normal
0.43206116557121277,0.2800140380859375,259,126,0.9944576025009155,0.41100460290908813,0.4440669119358063,246,199,0.9953580498695374,0.19762232899665833,0.4328295588493347,118,194,0.9945690631866455,0.31288790702819824,0.8186371922492981,187,368,0.9934925436973572,0.19677269458770752,0.8286766409873962,118,372,0.9927495718002319,38.879716023350575,-176.9854165368401,175.05843314952085,7.320017426643797,att.OaJ6YlLxaQbgPv52Xbs1uv-ZIiKIS_2T2wZFnlOzlLk.JPG,data\train_images\normal\att.OaJ6YlLxaQbgPv52Xbs1uv-ZIiKIS_2T2wZFnlOzlLk.JPG,normal
0.7923510670661926,0.4985586702823639,396,166,0.9955173134803772,0.8345497846603394,0.5661879777908325,417,189,0.9986567497253418,0.543637752532959,0.5023876428604126,271,167,0.9863184690475464,0.43677741289138794,0.6589231491088867,218,220,0.9995492100715637,0.37352854013442993,0.5512815117835999,186,184,0.9995299577713013,70.91333193607545,-167.63021751033975,-120.4379595064956,75.9961759026424,att.OIs45X2e_wUZaiRohwFOK1x8TABVWHY2sH3wrFLiHHg.JPG,data\train_images\normal\att.OIs45X2e_wUZaiRohwFOK1x8TABVWHY2sH3wrFLiHHg.JPG,normal
0.45416176319122314,0.3045918643474579,234,117,0.9997352957725525,0.5884937047958374,0.35428959131240845,303,137,0.9999678134918213,0.5098820328712463,0.4099963307380676,263,158,0.9913873076438904,0.6310303211212158,0.7579047083854675,325,293,0.9993535876274109,0.5682292580604553,0.7427266240119934,293,287,0.9972847700119019,-50.782009985670754,144.67739646300083,-166.41300819232987,-7.801303548010166,att.Ojjw_8800LnX4zvpretnYxObiiXcu2GkwGl3i_30Va8.JPG,data\train_images\normal\att.Ojjw_8800LnX4zvpretnYxObiiXcu2GkwGl3i_30Va8.JPG,normal
0.24798539280891418,0.29091864824295044,95,150,0.9999186992645264,0.25461873412132263,0.33925020694732666,98,175,0.9997497200965881,0.17345082759857178,0.3630921244621277,67,187,0.999160885810852,0.2643256187438965,0.513595461845398,102,265,0.9960786700248718,0.22367402911186218,0.5266260504722595,86,271,0.9901663064956665,29.400045597801196,163.6305996616334,162.2271032825342,-10.058023182555516,att.omNVjxA5cmohCTqLeDKuPshAIIFrlC19OLH8IuSy-Io.JPG,data\train_images\normal\att.omNVjxA5cmohCTqLeDKuPshAIIFrlC19OLH8IuSy-Io.JPG,normal
0.5479451417922974,0.34328871965408325,464,181,0.9987967014312744,0.42054057121276855,0.4164690375328064,356,220,0.9995688796043396,0.28698277473449707,0.4930873215198517,243,260,0.9941889047622681,0.261418879032135,0.9234946966171265,221,488,0.8609338402748108,0.15676267445087433,1.001064419746399,132,529,0.8266184329986572,60.137929202250675,150.15834091374103,143.4546719244772,15.910997963677323,att.PotC9Lvn0iYs7X37z0Eb-WS-m5USzR5nc71zeE3mTfg.JPG,data\train_images\normal\att.PotC9Lvn0iYs7X37z0Eb-WS-m5USzR5nc71zeE3mTfg.JPG,normal
0.790749192237854,0.20648223161697388,395,68,0.9913555979728699,0.7139626741409302,0.3771990239620209,356,125,0.9889116287231445,0.5058361291885376,0.27825912833213806,252,92,0.9029653072357178,0.38961440324783325,0.6666222810745239,194,221,0.9292556047439575,0.27870550751686096,0.5959264039993286,139,198,0.9124570488929749,56.16097542488915,-154.57436329670568,-147.48562786588556,42.251896633105545,att.QGnoReILLR_00rVz3y8xeAhERW8so59nxDxt1tYvH1Q.JPG,data\train_images\normal\att.QGnoReILLR_00rVz3y8xeAhERW8so59nxDxt1tYvH1Q.JPG,normal
0.5850288271903992,0.36004334688186646,377,154,0.9997498393058777,0.5263180136680603,0.37118732929229736,339,159,0.9998394250869751,0.488602876663208,0.3532508611679077,315,151,0.999947190284729,0.46700355410575867,0.5644935965538025,301,242,0.9997778534889221,0.4354632794857025,0.5824654698371887,280,250,0.9996404647827148,88.39330772961074,-154.56529386924117,150.32520135182077,14.903792044435376,att.QiDujXaVSTsh0u_lgcl5GdZf5i0m9y256yJGO64bm0c.JPG,data\train_images\normal\att.QiDujXaVSTsh0u_lgcl5GdZf5i0m9y256yJGO64bm0c.JPG,normal
0.7304743528366089,0.40138882398605347,876,321,0.730896532535553,0.9607227444648743,0.49279358983039856,1152,394,0.9763888716697693,0.8259075284004211,0.49351778626441956,991,394,0.9745259284973145,0.9636322855949402,1.008309245109558,1156,806,0.8711501359939575,0.8644472360610962,0.9785401821136475,1037,782,0.8789473176002502,-60.59711633721629,179.69222316800784,-163.29357595304882,-2.3722334573813395,att.QPawPH6CtLmBVheIxszaJFTAISqfWibg0gF6jejrwP8.JPG,data\train_images\normal\att.QPawPH6CtLmBVheIxszaJFTAISqfWibg0gF6jejrwP8.JPG,normal
0.7309460639953613,0.21844826638698578,399,79,0.9999010562896729,0.7722266912460327,0.3124374747276306,422,114,0.9991222023963928,0.70169597864151,0.28616568446159363,383,104,0.9998874664306641,0.7343679070472717,0.5376922488212585,401,196,0.9979775547981262,0.6923996210098267,0.5403936505317688,378,197,0.9982942938804626,-4.254814717773862,-159.570279832339,176.31708365513788,5.616740906933613,att.RndRb0uPY0oHAUeIZ3UkbyWvwuP5wD-wZ7gCoeyZxqQ.JPG,data\train_images\normal\att.RndRb0uPY0oHAUeIZ3UkbyWvwuP5wD-wZ7gCoeyZxqQ.JPG,normal
0.7781468033790588,0.29296931624412537,505,140,0.9999500513076782,0.8255671858787537,0.4116860330104828,536,197,0.9994445443153381,0.7424989342689514,0.39311450719833374,482,188,0.9992409944534302,0.7991559505462646,0.7159069776535034,519,343,0.997815728187561,0.7433608770370483,0.6961575150489807,483,334,0.9951668977737427,-3.078954824067751,-167.3976537038607,-160.50785602386512,2.4091728213292245,att.rSg_Iv6z97-ntytJfBgbWAddn-cLwfzA2vBtI19Z1tA.JPG,data\train_images\normal\att.rSg_Iv6z97-ntytJfBgbWAddn-cLwfzA2vBtI19Z1tA.JPG,normal
0.36520805954933167,0.41650497913360596,210,134,0.9965612292289734,0.30385980010032654,0.5625306367874146,175,182,0.9921588897705078,0.2618883550167084,0.5840549468994141,150,189,0.9923785924911499,0.2708527147769928,0.8959639072418213,156,290,0.9889307618141174,0.22657044231891632,0.9090709686279297,130,294,0.9955449104309082,27.705310955161494,152.84978639012834,163.5118307223179,5.92418205393526,att.rvhiuapnTXG4072taDJ_WTETsclUw-nMV96G8_utkyY.JPG,data\train_images\normal\att.rvhiuapnTXG4072taDJ_WTETsclUw-nMV96G8_utkyY.JPG,normal
0.5551960468292236,0.5043642520904541,319,193,0.9990121126174927,0.5484275817871094,0.47091594338417053,315,180,0.9998537302017212,0.38250550627708435,0.5384101867675781,220,206,0.98117595911026,0.4308111071586609,0.7345650792121887,248,282,0.9987080097198486,0.34055203199386597,0.803950309753418,196,308,0.9982603192329407,89.80919698531861,157.86435471709376,142.44928983491695,16.779983205939985,att.s2LcCJ0ISC2i06CJHjhoqHxNG_VpHNcM3VdXcDKFyvI.JPG,data\train_images\normal\att.s2LcCJ0ISC2i06CJHjhoqHxNG_VpHNcM3VdXcDKFyvI.JPG,normal
0.4333917498588562,0.20619967579841614,346,109,0.9996792078018188,0.39026936888694763,0.3444012403488159,312,183,0.99969482421875,0.32838934659957886,0.36316394805908203,262,193,0.9995788931846619,0.42176592350006104,0.6892719268798828,337,367,0.989686906337738,0.37914639711380005,0.7195027470588684,303,383,0.9881761074066162,26.64913630424653,163.13211565757103,144.6512154549601,-6.690362119425196,att.t5nCezQr9dtvmN6YZLkZfDV9UrXjDj1288KQnsgadDc.JPG,data\train_images\normal\att.t5nCezQr9dtvmN6YZLkZfDV9UrXjDj1288KQnsgadDc.JPG,normal
0.5163620710372925,0.36279600858688354,129,70,0.999985933303833,0.6462332010269165,0.36782076954841614,161,71,0.9999396800994873,0.3462914824485779,0.3699628710746765,86,72,0.9996036887168884,0.5538709759712219,0.6522065997123718,138,127,0.9949513673782349,0.39793896675109863,0.6496496796607971,99,126,0.993420422077179,73.12858802171844,179.59081620673635,-179.0605674881788,4.128447369218529,att.ucHgg3C9eG_30NTOV7Uk_0x7KwNIK9BQiIuo2Lv-_QQ.JPG,data\train_images\normal\att.ucHgg3C9eG_30NTOV7Uk_0x7KwNIK9BQiIuo2Lv-_QQ.JPG,normal
0.6075636744499207,0.18250316381454468,349,59,0.9993150234222412,0.6922121047973633,0.35706788301467896,398,115,0.9989122152328491,0.6760379672050476,0.3360152840614319,389,108,0.9989408850669861,0.7073063850402832,0.8627416491508484,407,279,0.9951543807983398,0.6723904013633728,0.805090069770813,387,260,0.9958571791648865,-25.019790006050354,-127.53409011997196,-121.20068796370113,-0.6728076463623212,att.uDuxxmLLzqL7P7fbj7GH_MzEd7MMDn8fX25cMMWJc1Q.JPG,data\train_images\normal\att.uDuxxmLLzqL7P7fbj7GH_MzEd7MMDn8fX25cMMWJc1Q.JPG,normal
0.5506476163864136,0.34898442029953003,660,279,0.998724639415741,0.7145368456840515,0.47532913088798523,857,380,0.9991418123245239,0.705938458442688,0.39095842838287354,847,312,0.9993064403533936,0.8970428705215454,0.7745770215988159,1076,619,0.9978448152542114,0.894563615322113,0.7023667097091675,1073,561,0.9968845248222351,-62.19520233090785,-95.81903749992307,-91.96641003167667,-31.289477446103646,att.v-nW9zA3erVlWfyUn_tyes2qHVeJLZ70wa__pMdLW1g.JPG,data\train_images\normal\att.v-nW9zA3erVlWfyUn_tyes2qHVeJLZ70wa__pMdLW1g.JPG,normal
0.35093605518341064,0.4013000726699829,192,146,0.9991788268089294,0.3691475987434387,0.6013941764831543,202,218,0.9965077042579651,0.12109027802944183,0.5431443452835083,66,197,0.9992693066596985,0.3435510993003845,1.1975797414779663,188,435,0.011106792837381363,0.1404099017381668,1.2023166418075562,77,437,0.018457746133208275,31.754403579416877,-166.78500135046656,178.66420388931093,0.28648045478047407,att.v1n-oukgZ39v6pMn1Nq4LD59DPnAEFN6FU5Eyh_b_CI.JPG,data\train_images\normal\att.v1n-oukgZ39v6pMn1Nq4LD59DPnAEFN6FU5Eyh_b_CI.JPG,normal
0.29287272691726685,0.2612590193748474,188,126,0.9995392560958862,0.30196380615234375,0.36682626605033875,194,177,0.9998534917831421,0.15839464962482452,0.42010894417762756,102,203,0.9992617964744568,0.28176480531692505,0.6814879179000854,181,329,0.995926022529602,0.2009742707014084,0.7225075364112854,129,349,0.9890097975730896,25.37037434495245,159.63864933719273,153.081818373729,-2.077193022066242,att.WDC-jcNqar9EtMvlWFopmQr8qs1LiL35uYvR3VmaOPE.JPG,data\train_images\normal\att.WDC-jcNqar9EtMvlWFopmQr8qs1LiL35uYvR3VmaOPE.JPG,normal
0.4089629054069519,0.211934894323349,613,317,0.9996706247329712,0.32770705223083496,0.31657978892326355,491,474,0.9993304014205933,0.31618133187294006,0.31057485938072205,474,465,0.9999428987503052,0.3374522626399994,0.5643815398216248,506,846,0.9936231970787048,0.3334895968437195,0.5772738456726074,500,865,0.9981966614723206,40.56768725398876,-152.48037194582838,107.085686133916,-3.009954414873458,att.XnhDJo4_279YiFyCoN7pALKoLWywbJTSZvia8qtU5DI.JPG,data\train_images\normal\att.XnhDJo4_279YiFyCoN7pALKoLWywbJTSZvia8qtU5DI.JPG,normal
0.539939284324646,0.14287665486335754,552,146,0.999985933303833,0.5978475213050842,0.26992306113243103,612,276,0.9991098046302795,0.596190869808197,0.25319623947143555,610,259,0.9990962743759155,0.6341617703437805,0.5552297234535217,649,568,0.9951727986335754,0.6026829481124878,0.5409302711486816,617,553,0.99693763256073,-25.684963062255562,-95.65622047921607,-155.56977870209883,-4.272079002225753,att.yIT8EQs5R0ZW-VQ222bWrxNQxBVKibiWYqeZlR3GEYY.JPG,data\train_images\normal\att.yIT8EQs5R0ZW-VQ222bWrxNQxBVKibiWYqeZlR3GEYY.JPG,normal
0.5611531138420105,0.365115761756897,240,118,0.999991774559021,0.6081068515777588,0.43165168166160583,260,139,0.999996542930603,0.2859373092651367,0.4406493008136749,122,142,0.9999873638153076,0.5589637756347656,0.8938124179840088,239,289,0.7206860184669495,0.36147040128707886,0.9203245639801025,154,298,0.6449287533760071,58.10201983107972,178.40024718664586,172.3541408422769,-1.6049938910118147,att.YKhVH6AVGpcgacspWEiRUHtQromaIviFuVrmu1YW9qA.JPG,data\train_images\normal\att.YKhVH6AVGpcgacspWEiRUHtQromaIviFuVrmu1YW9qA.JPG,normal
0.3023682236671448,0.13015824556350708,241,69,0.9998428821563721,0.28256702423095703,0.25204288959503174,226,134,0.9995669722557068,0.2553435266017914,0.26081714034080505,204,139,0.9998956918716431,0.34353402256965637,0.5330953001976013,274,284,0.9938234090805054,0.3139810562133789,0.5530799031257629,251,295,0.9947346448898315,14.821420282377089,162.13564490264028,145.93226215914774,-11.783983286569727,att.ZjOYi5nQlC9NsEvsCUt5shI3F-Cuk8AX7jfrpK8wpsM.JPG,data\train_images\normal\att.ZjOYi5nQlC9NsEvsCUt5shI3F-Cuk8AX7jfrpK8wpsM.JPG,normal
0.559672474861145,0.20472919940948486,306,74,0.9999867677688599,0.5834172964096069,0.2972002327442169,319,108,0.9985377788543701,0.4801911413669586,0.3008476495742798,262,109,0.9981659054756165,0.5725196003913879,0.5220390558242798,313,190,0.9993187189102173,0.5089113712310791,0.523276150226593,278,190,0.9995469450950623,16.46473461980147,177.9763395839724,178.885814709052,-2.2818926289871544,att._9H_F26a_HqtcGwFIAQb22aSRFgnBc2D8F3DHhIWHhA.JPG,data\train_images\normal\att._9H_F26a_HqtcGwFIAQb22aSRFgnBc2D8F3DHhIWHhA.JPG,normal
0.6156564354896545,0.19500821828842163,365,65,0.999786913394928,0.6854805946350098,0.348907470703125,407,116,0.9998830556869507,0.6418828368186951,0.2942984998226166,381,98,0.9996860027313232,0.6202495098114014,0.6411861181259155,368,214,0.998867392539978,0.5983721017837524,0.5938209295272827,355,198,0.9982308745384216,-20.77485634244712,-128.6025562169227,-114.7916443100866,10.411800560982703,att._Zot-4jwVuLMvrC3HogJmQD9BqsVsq1bOtHan4NGu0A.JPG,data\train_images\normal\att._Zot-4jwVuLMvrC3HogJmQD9BqsVsq1bOtHan4NGu0A.JPG,normal
0.4077293276786804,0.22376173734664917,234,72,0.9954114556312561,0.3188341557979584,0.4613085687160492,183,149,0.9964585900306702,0.29480090737342834,0.5197557210922241,169,168,0.9981039762496948,0.3450832664966583,0.9262471795082092,198,300,0.8754571080207825,0.32045361399650574,0.968023955821991,184,313,0.9508669376373291,20.720230834222512,112.35227984019053,120.52163232886737,-3.252887738961527,att.__zYW5ihOGiuIN1qdmakaihSME3XvB6vgkt_1ZA2VZc.JPG,data\train_images\normal\att.__zYW5ihOGiuIN1qdmakaihSME3XvB6vgkt_1ZA2VZc.JPG,normal
0.7428897619247437,0.5656977295875549,407,205,0.9995488524436951,0.8315204381942749,0.6770358085632324,455,246,0.9993295669555664,0.8354396224021912,0.6774289608001709,457,246,0.9984803795814514,0.8304080367088318,1.1039249897003174,455,401,0.14350071549415588,0.8245754241943359,1.094955325126648,451,398,0.16363804042339325,-39.084067473037024,5.728451534814516,-123.03433159728378,0.8125887907091863,IMG_7952.JPG,data\train_images\normal\IMG_7952.JPG,normal
0.30357179045677185,0.33583685755729675,242,268,0.9999493360519409,0.16950635612010956,0.507552981376648,135,406,0.9998261332511902,0.21554918587207794,0.5472763776779175,172,437,0.9999223947525024,0.21427181363105774,0.8667706251144409,171,693,0.996396005153656,0.23681730031967163,0.9270442724227905,189,741,0.9975938200950623,30.097815240901888,40.78594320630284,69.49158249620666,-5.106220463272688,IMG_7953.JPG,data\train_images\normal\IMG_7953.JPG,normal
0.5857833027839661,0.36012381315231323,377,154,0.9998817443847656,0.5278902649879456,0.3723093867301941,340,160,0.9998669624328613,0.49180105328559875,0.35081830620765686,317,150,0.9999760389328003,0.4636545181274414,0.5667283535003662,299,243,0.9997664093971252,0.43147507309913635,0.5814098715782166,278,250,0.9996707439422607,88.91360938556558,-149.22625431349516,155.47567839881066,16.334761024900338,IMG_7956.JPG,data\train_images\normal\IMG_7956.JPG,normal
0.44043564796447754,0.2705758213996887,528,216,0.9987244009971619,0.3866267204284668,0.3535510003566742,463,282,0.9994450211524963,0.3577596843242645,0.3691486716270447,429,295,0.9995749592781067,0.41987133026123047,0.5992394089698792,503,479,0.9987842440605164,0.40623894333839417,0.6258125901222229,487,500,0.9950425624847412,36.93525717637578,151.61640031731153,117.1584124832646,-9.240066348494175,IMG_7957.JPG,data\train_images\normal\IMG_7957.JPG,normal
0.45604461431503296,0.3001609444618225,249,109,0.9990979433059692,0.39253488183021545,0.36173832416534424,214,132,0.9982878565788269,0.36004331707954407,0.3308074474334717,196,120,0.9995452761650085,0.29070043563842773,0.5798407196998596,159,211,0.998755931854248,0.2678145468235016,0.578061580657959,146,210,0.9993197917938232,59.96495121509068,-136.40963973694576,-175.55479142019726,22.637137381661283,IMG_7958.JPG,data\train_images\normal\IMG_7958.JPG,normal
0.44816890358924866,0.42157989740371704,371,616,0.9999171495437622,0.6752214431762695,0.4744599163532257,559,693,0.9997453093528748,0.4968811869621277,0.46840208768844604,411,684,0.9997109770774841,0.71780925989151,0.6670475602149963,594,975,0.9968945980072021,0.6072272062301636,0.6563118100166321,502,959,0.9980944991111755,-70.12264648732582,-178.05453561790083,-174.4548733871276,-21.896742976205406,IMG_7959.JPG,data\train_images\normal\IMG_7959.JPG,normal
0.3016775846481323,0.13455072045326233,241,71,0.99993896484375,0.28395020961761475,0.2532365322113037,227,135,0.9995424747467041,0.2459443211555481,0.24419134855270386,196,130,0.9999411106109619,0.34394755959510803,0.5514885187149048,275,294,0.9936845898628235,0.3218309283256531,0.5602250099182129,257,299,0.9948780536651611,17.83480762497149,-166.6129770908404,158.44503472744907,-12.473335993191283,IMG_7965.JPG,data\train_images\normal\IMG_7965.JPG,normal
0.7155029773712158,0.17839521169662476,858,142,0.9975086450576782,0.7691022753715515,0.27363866567611694,922,218,0.9999706745147705,0.7481176853179932,0.28350603580474854,897,226,0.9958005547523499,0.6539430618286133,0.5448887944221497,784,435,0.999656081199646,0.6427304744720459,0.5277732014656067,771,422,0.9970126152038574,-23.282586154784372,154.81616045139216,-123.22918846949057,23.16200245020347,IMG_7966.JPG,data\train_images\normal\IMG_7966.JPG,normal
0.27814385294914246,0.3567619025707245,278,200,0.9995861649513245,0.2564360797405243,0.43930840492248535,256,246,0.9996496438980103,0.23110763728618622,0.4400368332862854,231,247,0.9988138675689697,0.239595428109169,0.6471073031425476,239,363,0.9979420304298401,0.22235426306724548,0.6626932621002197,222,372,0.9953666925430298,22.517251699574327,178.35266735567848,137.8865177347227,3.4026881711081107,IMG_7967.JPG,data\train_images\normal\IMG_7967.JPG,normal
0.8023104667663574,0.34202516078948975,641,202,0.9999765157699585,0.8588089942932129,0.42562049627304077,687,251,0.9998589754104614,0.8315167427062988,0.40001851320266724,665,236,0.9999419450759888,0.8539353013038635,0.6188263297080994,683,366,0.9998425245285034,0.8442153334617615,0.5903116464614868,675,349,0.99985671043396,-31.18686626081205,-136.83029980768464,-108.8230054528164,-1.1688986271090192,IMG_7968.JPG,data\train_images\normal\IMG_7968.JPG,normal
0.6913148760795593,0.20103099942207336,553,167,0.9999178647994995,0.7983106374740601,0.3082977831363678,638,256,0.9998893737792969,0.7201254367828369,0.29781877994537354,576,248,0.9994271993637085,0.7588521838188171,0.5534523725509644,607,461,0.9996786117553711,0.711635947227478,0.5237100720405579,569,436,0.9993496537208557,-33.645323883827395,-172.36625602847815,-147.79248509849307,5.81214106605353,IMG_7969.JPG,data\train_images\normal\IMG_7969.JPG,normal
0.15339024364948273,0.2938137352466583,122,235,0.9912469983100891,0.09209783375263214,0.3807344138622284,73,304,0.9981842637062073,0.09322735667228699,0.3783317804336548,74,302,0.9983274340629578,0.09423180669546127,0.5835522413253784,75,466,0.9951139092445374,0.09465742111206055,0.59630286693573,75,477,0.9893792271614075,35.31556046265311,-64.82090493642627,88.08818331717374,-0.48527755922016225,IMG_7970.JPG,data\train_images\normal\IMG_7970.JPG,normal
0.8094872832298279,0.29589059948921204,485,131,0.9997764229774475,0.8766584396362305,0.38368141651153564,525,170,0.9984056353569031,0.8348146080970764,0.3928479552268982,500,174,0.9986591339111328,0.8788142800331116,0.6187690496444702,527,275,0.9992138147354126,0.8437061309814453,0.5996474623680115,506,266,0.9994246959686279,-26.595905642524766,167.64366406147502,-151.42516258252806,-1.432120127338199,IMG_7972.JPG,data\train_images\normal\IMG_7972.JPG,normal
0.624078631401062,0.15999585390090942,1597,273,0.9994441866874695,0.6476064324378967,0.34037402272224426,1657,581,0.999427080154419,0.6769447922706604,0.32110369205474854,1732,548,0.9997357726097107,0.5104650259017944,0.7397804260253906,1306,1262,0.9993207454681396,0.5269417762756348,0.6998476982116699,1348,1194,0.9991028308868408,-12.61003434263263,-33.29813139349711,-67.5783348014002,20.25450937113511,IMG_7974.JPG,data\train_images\normal\IMG_7974.JPG,normal
0.5006407499313354,0.1944558322429657,300,77,0.9997398257255554,0.4479045569896698,0.25727924704551697,268,102,0.9997542500495911,0.4196465313434601,0.2672184705734253,251,106,0.9998985528945923,0.4365314245223999,0.48173391819000244,261,192,0.9992486834526062,0.4171532988548279,0.4925144910812378,250,197,0.9982837438583374,44.60522744185725,160.62164622539686,150.91163477445482,1.7659396888884034,IMG_7976.JPG,data\train_images\normal\IMG_7976.JPG,normal
0.7586607336997986,0.18186603486537933,455,81,0.9998937845230103,0.8290916085243225,0.29647117853164673,497,132,0.9994794726371765,0.8013782501220703,0.2936584949493408,480,131,0.9986751675605774,0.8087769150733948,0.562705934047699,485,251,0.998377799987793,0.7833239436149597,0.5473907589912415,469,244,0.9989362359046936,-26.554844095591044,-174.2047817159964,-148.9644756119152,4.220276472469961,IMG_7977.JPG,data\train_images\normal\IMG_7977.JPG,normal
0.3763398826122284,0.17065660655498505,150,64,0.9991542100906372,0.3155265748500824,0.2835462987422943,126,107,0.9959288239479065,0.2404746115207672,0.28792402148246765,96,109,0.999157190322876,0.3065616488456726,0.628442108631134,122,238,0.9849158525466919,0.2866402268409729,0.6452896595001221,114,244,0.9929176568984985,40.51523128548327,176.66176413610498,139.77879165213534,-3.0322783109460474,IMG_7990.JPG,data\train_images\normal\IMG_7990.JPG,normal
0.6093271374702454,0.1861467957496643,365,62,0.9994643330574036,0.6889752149581909,0.3678343892097473,413,123,0.9987629652023315,0.6881933212280273,0.32824188470840454,412,110,0.9986944794654846,0.7030707597732544,0.8516221046447754,421,286,0.9986169338226318,0.6722825169563293,0.7887020111083984,403,265,0.9982237219810486,-26.08497974322382,-91.13136030997649,-116.07356202697257,0.11014754056106879,IMG_7992.JPG,data\train_images\normal\IMG_7992.JPG,normal
0.5069682598114014,0.21674510836601257,226,96,0.9996711015701294,0.6381773352622986,0.29147109389305115,285,130,0.9999526739120483,0.5704745650291443,0.2797154188156128,255,125,0.9998821020126343,0.6485333442687988,0.5236659646034241,289,234,0.9998873472213745,0.6022534370422363,0.5090780854225159,269,227,0.9998831748962402,-54.73330933504392,-170.1495709050893,-162.5046390232301,-5.215986772716388,IMG_7993.JPG,data\train_images\normal\IMG_7993.JPG,normal
0.42219337821006775,0.2817136347293854,211,140,0.9999896287918091,0.37101951241493225,0.35875722765922546,185,179,0.9987404942512512,0.33699852228164673,0.3729209303855896,168,186,0.9999598264694214,0.36623257398605347,0.579533576965332,183,289,0.9994447827339172,0.33794596791267395,0.5980702042579651,168,299,0.999546468257904,39.025049638181265,157.39694069332964,146.76258743530667,0.4933138742469829,IMG_7994.JPG,data\train_images\normal\IMG_7994.JPG,normal
0.4398435056209564,0.10520422458648682,263,59,0.999843955039978,0.4299142360687256,0.18970806896686554,257,107,0.9995980858802795,0.2955321669578552,0.16616660356521606,177,94,0.9998723268508911,0.3970961272716522,0.4448499381542206,238,253,0.998784601688385,0.30529460310935974,0.4583168029785156,183,260,0.9987713694572449,46.67694428911423,-170.06357653614927,171.6544946432257,2.412262486003412,IMG_7995.JPG,data\train_images\normal\IMG_7995.JPG,normal
0.6339683532714844,0.28261473774909973,351,156,0.998586893081665,0.6943607926368713,0.38327541947364807,384,212,0.9999269247055054,0.7282946705818176,0.38364002108573914,403,212,0.9985103011131287,0.6006970405578613,0.6201168894767761,332,343,0.9994823932647705,0.6485910415649414,0.6219418048858643,359,344,0.9959521293640137,-37.49278855062971,0.6155892287951656,2.1820977739205802,20.045707239785155,IMG_7996.JPG,data\train_images\normal\IMG_7996.JPG,normal
0.8085708618164062,0.1354978084564209,582,51,0.9999957084655762,0.8575751185417175,0.2272816002368927,617,85,0.9999914169311523,0.7727635502815247,0.24544638395309448,556,92,0.9998164772987366,0.802350640296936,0.5099910497665405,577,192,0.99986732006073,0.7560594081878662,0.4991351068019867,544,188,0.9997501969337463,-3.7428470617750667,167.91113615526433,-166.80183898558337,7.6375493488127315,IMG_8011.JPG,data\train_images\normal\IMG_8011.JPG,normal
0.4065094590187073,0.22283673286437988,216,83,0.9944954514503479,0.31652799248695374,0.38059893250465393,168,142,0.9982132911682129,0.3004212975502014,0.43886223435401917,160,164,0.9956036806106567,0.3434545695781708,0.7040648460388184,183,264,0.9895630478858948,0.3186294436454773,0.7391854524612427,169,277,0.991508960723877,27.67917150935152,105.4532823343759,125.2547164672065,-4.138466374846186,IMG_8012.JPG,data\train_images\normal\IMG_8012.JPG,normal
0.8512089252471924,0.1946294903755188,766,116,0.9936493039131165,0.876621425151825,0.25071197748184204,788,150,0.9987509250640869,0.8504485487937927,0.2679902911186218,765,160,0.9922807812690735,0.8631552457809448,0.46090638637542725,776,276,0.9949979782104492,0.8482946753501892,0.45903560519218445,763,275,0.993320882320404,-10.782699988107442,146.5687615269137,-172.82484126467216,2.2293690148513265,IMG_8013.JPG,data\train_images\normal\IMG_8013.JPG,normal
0.4206313490867615,0.18181902170181274,269,87,0.9965493679046631,0.30689045786857605,0.43415015935897827,196,208,0.9964721202850342,0.3261198103427887,0.4970494508743286,208,238,0.998461127281189,0.3217395544052124,0.9689489006996155,205,465,0.8479554653167725,0.2932230532169342,0.9778594374656677,187,469,0.8880808353424072,20.149340900117114,73.0007420679215,162.6475676121219,1.0180554068999654,IMG_8014.JPG,data\train_images\normal\IMG_8014.JPG,normal
0.707644522190094,0.2823415994644165,905,240,0.9999203681945801,0.839835524559021,0.5144842863082886,1074,438,0.9991870522499084,0.7556009888648987,0.48091351985931396,967,410,0.9991188645362854,0.8459981679916382,1.053270697593689,1082,898,0.7564639449119568,0.7676141262054443,0.9720171093940735,982,829,0.8384549617767334,-22.697242715492838,-158.27077884409894,-133.97019772838843,-1.0110666467289273,IMG_8015.JPG,data\train_images\normal\IMG_8015.JPG,normal
0.29144397377967834,0.26104027032852173,187,126,0.9997687935829163,0.30102211236953735,0.3687751591205597,194,178,0.9999152421951294,0.16168266534805298,0.42102476954460144,104,203,0.9996024966239929,0.27534735202789307,0.6987566947937012,177,338,0.9982591271400452,0.20026692748069763,0.7399894595146179,129,358,0.9965060949325562,24.176012989847784,159.44492172376414,151.22523282433608,-1.1396359098089015,IMG_8016.JPG,data\train_images\normal\IMG_8016.JPG,normal
0.6917555332183838,0.4664658308029175,282,285,0.9999904632568359,0.8119059801101685,0.5703323483467102,331,349,0.9999221563339233,0.6693212389945984,0.5533766150474548,273,338,0.9992621541023254,0.7120903730392456,0.833387553691864,290,510,0.9993370175361633,0.6201805472373962,0.7946376800537109,253,486,0.9987555742263794,-27.121529257653872,-173.21841135874192,-157.1393460772918,16.455183554774475,istockphoto-1006273822-612x612.jpg,data\train_images\normal\istockphoto-1006273822-612x612.jpg,normal
0.5139789581298828,0.387795627117157,209,237,0.9878464341163635,0.7097954154014587,0.4679972231388092,289,286,0.9985730648040771,0.45803168416023254,0.44965308904647827,186,275,0.9701138138771057,0.6285550594329834,0.691118061542511,256,422,0.9933335185050964,0.4718795120716095,0.6771688461303711,192,414,0.9699013829231262,-44.554964585275975,-175.83265077050896,-174.91222853074936,8.505526462012357,istockphoto-1077103728-612x612.jpg,data\train_images\normal\istockphoto-1077103728-612x612.jpg,normal
0.4192560315132141,0.38766181468963623,256,158,0.9999358654022217,0.5235669016838074,0.49594324827194214,320,202,0.9990880489349365,0.4489728510379791,0.4498836398124695,274,183,0.9995842576026917,0.4854429066181183,0.7070352435112,297,288,0.9992971420288086,0.44159504771232605,0.664222776889801,270,271,0.9992411136627197,-38.16986597858899,-148.3059031174742,-135.68452068633312,6.104837008992278,istockphoto-1131601566-612x612.jpg,data\train_images\normal\istockphoto-1131601566-612x612.jpg,normal
0.7034108638763428,0.38531532883644104,430,157,0.9999983310699463,0.7861672043800354,0.4938817024230957,481,201,0.9999561309814453,0.6820838451385498,0.46726852655410767,417,190,0.9998747110366821,0.7268402576446533,0.7326251268386841,444,298,0.9997202754020691,0.6769595146179199,0.6811798214912415,414,277,0.9997023940086365,-17.870904687003197,-165.65728138090262,-134.11537362808724,8.103594193646018,istockphoto-1131601575-612x612.jpg,data\train_images\normal\istockphoto-1131601575-612x612.jpg,normal
0.6355061531066895,0.3122873306274414,388,127,0.9999682903289795,0.8030655980110168,0.4652441442012787,491,189,0.9997875094413757,0.6243870258331299,0.42162078619003296,382,172,0.9996731281280518,0.7351781129837036,0.825213611125946,449,336,0.9958414435386658,0.6404252648353577,0.796657383441925,391,325,0.9956568479537964,-30.813526239242325,-166.27995925903463,-163.22845753796645,4.035109428369267,istockphoto-1160874384-612x612.jpg,data\train_images\normal\istockphoto-1160874384-612x612.jpg,normal
0.6224181652069092,0.3855453431606293,380,157,0.9999063014984131,0.8233398199081421,0.5403456091880798,503,220,0.9996950626373291,0.6585257649421692,0.4996047914028168,403,203,0.9998465776443481,0.8173723220825195,0.9641087651252747,500,393,0.864905059337616,0.6903787851333618,0.9452547430992126,422,385,0.9127790331840515,-41.39970401769128,-166.1152455372475,-171.5552998297455,-1.7053954605708355,istockphoto-1173002762-612x612.jpg,data\train_images\normal\istockphoto-1173002762-612x612.jpg,normal
0.6506585478782654,0.3612322211265564,398,147,0.9998733997344971,0.8518801331520081,0.5087437629699707,521,207,0.9996752738952637,0.665182888507843,0.4858214557170868,407,198,0.999887228012085,0.84836745262146,0.9497473239898682,519,387,0.8618903160095215,0.7221924066543579,0.9371504187583923,441,382,0.9093082547187805,-38.410539552393196,-173.0003724607082,-174.29866851839424,-3.430871988815238,istockphoto-1173004054-612x612.jpg,data\train_images\normal\istockphoto-1173004054-612x612.jpg,normal
0.6816761493682861,0.31345129013061523,417,127,0.998906135559082,0.8496800661087036,0.5873960256576538,520,239,0.9881999492645264,0.8246116638183594,0.47158172726631165,504,192,0.9983763694763184,0.880777895450592,1.2925350666046143,539,527,0.4239898920059204,0.8105002641677856,1.1898401975631714,496,485,0.66556715965271,-35.74037518492983,-102.21345250478592,-124.38517862214964,-0.6837194284459119,istockphoto-1174159613-612x612.jpg,data\train_images\normal\istockphoto-1174159613-612x612.jpg,normal
0.6630555391311646,0.4077373445034027,405,166,0.9999943971633911,0.8535962104797363,0.5680376887321472,522,231,0.9995200634002686,0.6454826593399048,0.5492705702781677,395,224,0.9999210834503174,0.831168532371521,0.987765371799469,508,403,0.32639044523239136,0.7011480331420898,0.964975118637085,429,393,0.60108882188797,-29.815160434727296,-174.8471585960013,-170.0580779446222,-2.278312691371776,istockphoto-1193319844-612x612.jpg,data\train_images\normal\istockphoto-1193319844-612x612.jpg,normal
0.584795355796814,0.335510790348053,357,136,0.9999092817306519,0.7740320563316345,0.5235509872436523,473,213,0.9981275200843811,0.626969575881958,0.49296027421951294,383,201,0.9989922642707825,0.7893151640892029,0.9985637068748474,483,407,0.709943950176239,0.6810137033462524,0.9450680613517761,416,385,0.9039469957351685,-33.814396845394896,-168.24937519099888,-153.7128718276644,-4.27644425256564,istockphoto-1279084389-612x612.jpg,data\train_images\normal\istockphoto-1279084389-612x612.jpg,normal
0.6854385137557983,0.45152878761291504,419,184,0.9961215853691101,0.7832368016242981,0.6168805360794067,479,251,0.9927639365196228,0.7913495302200317,0.5903513431549072,484,240,0.9966247081756592,0.8493962287902832,1.0398213863372803,519,424,0.6116193532943726,0.8292782306671143,1.0085796117782593,507,411,0.7234592437744141,-33.81071090871003,-72.99616764583843,-122.77932535837108,-7.054048173737985,istockphoto-1293721852-612x612.jpg,data\train_images\normal\istockphoto-1293721852-612x612.jpg,normal
0.5949914455413818,0.5571944713592529,364,227,0.99996018409729,0.7141155004501343,0.6851619482040405,437,279,0.9991243481636047,0.6622803211212158,0.6847535967826843,405,279,0.9994173049926758,0.8286283612251282,1.042492389678955,507,425,0.9391382336616516,0.7510471940040588,1.057874083518982,459,431,0.9750875234603882,-36.11166918569026,-179.54863995238856,168.78563884638552,-15.5515385299176,istockphoto-1293721915-612x612.jpg,data\train_images\normal\istockphoto-1293721915-612x612.jpg,normal
0.6744357347488403,0.23357219994068146,412,95,0.9985992312431335,0.7977682948112488,0.3590778410434723,488,146,0.9969689249992371,0.7639508247375488,0.34647369384765625,467,141,0.9920463562011719,0.8108165860176086,0.7758407592773438,496,316,0.9906484484672546,0.7753027081489563,0.75517737865448,474,308,0.9858635067939758,-41.75817832751946,-159.55901596596573,-149.80746007433524,-1.6931273271416523,istockphoto-1333492774-612x612.jpg,data\train_images\normal\istockphoto-1333492774-612x612.jpg,normal
0.5900579690933228,0.29087358713150024,361,118,0.9998899698257446,0.7973313927650452,0.476936936378479,487,194,0.9992688298225403,0.7276831269264221,0.474557101726532,445,193,0.9994127750396729,0.9024760723114014,1.0914340019226074,552,445,0.6294205784797668,0.8012126684188843,1.0845359563827515,490,442,0.7568130493164062,-43.00862315861215,-178.04300293171568,-176.10304167865317,-8.301947335700698,istockphoto-1370275191-612x612.jpg,data\train_images\normal\istockphoto-1370275191-612x612.jpg,normal
0.3227623701095581,0.28545093536376953,197,116,0.9948675632476807,0.3011699914932251,0.4421450197696686,184,180,0.9971831440925598,0.21550868451595306,0.47961288690567017,131,195,0.9979167580604553,0.3211258053779602,0.8398969769477844,196,342,0.5650181770324707,0.26868703961372375,0.8949573636054993,164,365,0.6338760852813721,20.16492270838761,156.37564967756546,133.60298391619978,-5.139653290569008,istockphoto-1385135866-612x612.jpg,data\train_images\normal\istockphoto-1385135866-612x612.jpg,normal
0.3195969760417938,0.3685770332813263,195,150,0.9989359974861145,0.3337060511112213,0.5124694108963013,204,209,0.9978692531585693,0.20826256275177002,0.5683276057243347,127,231,0.995478093624115,0.33648884296417236,0.8921968340873718,205,364,0.9751580357551575,0.26357534527778625,0.965647280216217,161,393,0.9311848878860474,15.797558614080094,155.99727252311658,134.789806555141,-4.275738098734156,istockphoto-1406913856-612x612.jpg,data\train_images\normal\istockphoto-1406913856-612x612.jpg,normal
0.36170676350593567,0.3838045001029968,221,156,0.999087929725647,0.26269441843032837,0.6075713038444519,160,247,0.9984795451164246,0.25491732358932495,0.6249001622200012,156,254,0.9992530941963196,0.3433522880077362,1.220361351966858,210,497,0.29360008239746094,0.3098374009132385,1.2616722583770752,189,514,0.2824307382106781,23.879711188614202,114.17027659401212,129.05187508120022,-6.192389108531257,istockphoto-1406913883-612x612.jpg,data\train_images\normal\istockphoto-1406913883-612x612.jpg,normal
0.3974316716194153,0.40830013155937195,243,169,0.9808423519134521,0.29996708035469055,0.48804953694343567,183,202,0.9921270608901978,0.2712899148464203,0.5197210311889648,166,215,0.9934324026107788,0.22062091529369354,0.8914017081260681,135,369,0.8470211625099182,0.19394725561141968,0.9193591475486755,118,381,0.8677522540092468,49.4715000016738,132.15947595578947,133.6538505094539,11.041475810606759,istockphoto-1413450970-612x612.jpg,data\train_images\normal\istockphoto-1413450970-612x612.jpg,normal
0.5741486549377441,0.26828432083129883,351,109,0.9999383687973022,0.690879762172699,0.47394776344299316,422,193,0.9994246959686279,0.6279516220092773,0.45124807953834534,384,184,0.9982404708862305,0.6836462020874023,0.9857375025749207,418,402,0.7840673327445984,0.626910924911499,0.9356736540794373,383,381,0.736786425113678,-23.69241719811447,-160.16441451942134,-138.57445508075605,0.47587013344161183,istockphoto-1416386235-612x612.jpg,data\train_images\normal\istockphoto-1416386235-612x612.jpg,normal
0.5441464781761169,0.2640320658683777,333,107,0.9999932050704956,0.6851873993873596,0.4802228510379791,419,195,0.9999468326568604,0.5392096042633057,0.425287127494812,329,173,0.9998204112052917,0.6386723518371582,0.9042244553565979,390,368,0.9983491897583008,0.5535364747047424,0.8517053723335266,338,347,0.9984816908836365,-19.828910916553454,-159.37720997541135,-148.3301684395033,2.167596117645401,istockphoto-1416386798-612x612.jpg,data\train_images\normal\istockphoto-1416386798-612x612.jpg,normal
0.59900963306427,0.3633042573928833,366,148,0.9999814033508301,0.7470155954360962,0.5925256609916687,457,241,0.9981997013092041,0.6893891096115112,0.49285057187080383,421,201,0.9996627569198608,0.7940415143966675,1.0484381914138794,485,427,0.15705075860023499,0.7016336917877197,0.9929785132408142,429,405,0.2974083721637726,-33.60229747064476,-120.0340666625969,-149.02941238914613,-3.547557781986388,istockphoto-1423356788-612x612.jpg,data\train_images\normal\istockphoto-1423356788-612x612.jpg,normal
0.5727178454399109,0.3118053674697876,350,114,0.9999876022338867,0.7643703818321228,0.47503870725631714,467,174,0.9997571110725403,0.5873955488204956,0.4333014488220215,359,159,0.9998966455459595,0.7303715944290161,0.9340147376060486,446,342,0.9855904579162598,0.6281179189682007,0.896299421787262,384,328,0.9936515092849731,-35.9291057065704,-166.72999679560235,-159.7539736805045,-0.4178274920561833,istockphoto-1424516495-612x612.jpg,data\train_images\normal\istockphoto-1424516495-612x612.jpg,normal
0.568061113357544,0.3531652092933655,347,132,0.9999964237213135,0.7946014404296875,0.5577050447463989,486,209,0.9997778534889221,0.5837461948394775,0.503372848033905,357,188,0.9998787641525269,0.7361946105957031,1.176220178604126,450,441,0.3096725046634674,0.5968037247657776,1.1228668689727783,365,421,0.6342642903327942,-34.325683583244775,-165.5506138409848,-159.05513359570912,2.0978538442944568,istockphoto-1458526303-612x612.jpg,data\train_images\normal\istockphoto-1458526303-612x612.jpg,normal
0.5661796927452087,0.32851678133010864,346,134,0.9999374151229858,0.5871195793151855,0.4885159432888031,359,199,0.9998358488082886,0.3842198848724365,0.5090604424476624,235,207,0.9999265670776367,0.5608746409416199,0.9073382616043091,343,370,0.9780935049057007,0.43825870752334595,0.9429855346679688,268,384,0.970389187335968,25.306334723805133,174.21825206368075,163.78963664526376,-1.86679982467135,istockphoto-1470637381-612x612.jpg,data\train_images\normal\istockphoto-1470637381-612x612.jpg,normal
0.6502494812011719,0.3110567331314087,397,126,0.9990703463554382,0.839763879776001,0.4992700219154358,513,203,0.9974654912948608,0.6482681632041931,0.4967256784439087,396,202,0.9988659620285034,0.8124562501907349,0.9934706687927246,497,405,0.9266619086265564,0.6834474802017212,0.9685917496681213,418,395,0.9725841283798218,-26.637577815900542,-179.23877375647905,-169.08469291994953,-0.4668461058996545,istockphoto-1473907462-612x612.jpg,data\train_images\normal\istockphoto-1473907462-612x612.jpg,normal
0.32680195569992065,0.387532114982605,200,158,0.9993441700935364,0.2737402319908142,0.5008402466773987,167,204,0.9991833567619324,0.17385973036289215,0.48386263847351074,106,197,0.9996424913406372,0.19707199931144714,0.929764449596405,120,379,0.6395224332809448,0.14076411724090576,0.9666292667388916,86,394,0.7216356992721558,44.498973369854404,-170.35311271966924,146.7871978491571,6.865134233768452,istockphoto-1493359242-612x612.jpg,data\train_images\normal\istockphoto-1493359242-612x612.jpg,normal
0.5668460130691528,0.3995278775691986,346,163,0.9998238682746887,0.6995423436164856,0.558706521987915,428,227,0.9989264607429504,0.5319075584411621,0.5451122522354126,325,222,0.9994290471076965,0.6578540802001953,0.8799809217453003,402,359,0.9934605360031128,0.5621731877326965,0.8750470280647278,344,357,0.9955613613128662,-17.78451915207257,-175.36376912626113,-177.04809276708463,1.004902329509498,istockphoto-1521487175-612x612.jpg,data\train_images\normal\istockphoto-1521487175-612x612.jpg,normal
0.38976791501045227,0.3961683511734009,238,161,0.999997615814209,0.36218875646591187,0.5770887136459351,221,235,0.9999864101409912,0.20757119357585907,0.547107458114624,127,223,0.9999819993972778,0.31926023960113525,1.0183970928192139,195,415,0.6346445083618164,0.1849033236503601,1.0724536180496216,113,437,0.6369205713272095,32.29790691122089,-169.02619510617345,158.083337992341,3.882093215379887,istockphoto-1558037609-612x612.jpg,data\train_images\normal\istockphoto-1558037609-612x612.jpg,normal
0.5855219960212708,0.5336699485778809,238,326,0.9991027116775513,0.809217631816864,0.6388199329376221,330,390,0.9935585856437683,0.5487871170043945,0.6120963096618652,223,374,0.9988768696784973,0.7576902508735657,0.8503905534744263,309,520,0.984177827835083,0.6136394143104553,0.8274274468421936,250,506,0.9882317185401917,-45.5233135690659,-174.1411994200932,-170.9427012641726,-1.7877969939012963,istockphoto-1602851821-612x612.jpg,data\train_images\normal\istockphoto-1602851821-612x612.jpg,normal
0.21792712807655334,0.15201056003570557,133,62,0.999401330947876,0.17887689173221588,0.24393776059150696,109,99,0.9996974468231201,0.1516958624124527,0.23348557949066162,92,95,0.9999058246612549,0.17721879482269287,0.5057790875434875,108,206,0.9995046854019165,0.14763279259204865,0.5111926794052124,90,208,0.9993417859077454,31.264113801916857,-158.9662735676367,169.63083234257996,0.6075199305197135,istockphoto-163076214-612x612.jpg,data\train_images\normal\istockphoto-163076214-612x612.jpg,normal
0.19186976552009583,0.21888622641563416,117,89,0.9998078942298889,0.14274519681930542,0.2870123088359833,87,117,0.9996868371963501,0.1129118874669075,0.2687435746192932,69,109,0.9999421834945679,0.1271265298128128,0.5413755774497986,77,220,0.9990392923355103,0.09969768673181534,0.5518158078193665,61,225,0.9992375373840332,47.35020981380625,-148.51835165524614,159.16169243020317,3.0709162700395143,istockphoto-163076270-612x612.jpg,data\train_images\normal\istockphoto-163076270-612x612.jpg,normal
0.6186078786849976,0.36176592111587524,378,147,0.9995496869087219,0.8558934926986694,0.5202498435974121,523,212,0.996792733669281,0.6491157412528992,0.5113677382469177,397,208,0.9990823268890381,0.8413392901420593,0.9790918231010437,514,399,0.6449490189552307,0.7087874412536621,0.9202139377593994,433,375,0.8909217119216919,-40.99773613777522,-177.54038094377802,-156.049801728368,-2.9765488016469552,istockphoto-1759007183-612x612.jpg,data\train_images\normal\istockphoto-1759007183-612x612.jpg,normal
0.33107414841651917,0.3311142921447754,202,134,0.999998927116394,0.3116241693496704,0.500242292881012,190,203,0.9999136924743652,0.19381564855575562,0.5868385434150696,118,238,0.9996974468231201,0.24859529733657837,1.0179516077041626,152,413,0.8979837894439697,0.1667921543121338,1.2050514221191406,102,489,0.8695574998855591,20.24670092358546,143.6819071627882,113.61574692027409,4.532750594540442,istockphoto-176815821-612x612.jpg,data\train_images\normal\istockphoto-176815821-612x612.jpg,normal
0.45272472500801086,0.3055483102798462,277,124,0.9999951124191284,0.40659821033477783,0.3788822293281555,248,154,0.9999693632125854,0.37142056226730347,0.3858209252357483,227,157,0.9999973773956299,0.4521741569042206,0.6362806558609009,276,259,0.9998039603233337,0.43499383330345154,0.64963698387146,266,265,0.9998874664306641,39.67881258618905,168.84179980916483,142.13778937557655,-11.82757679574282,istockphoto-186082228-612x612.jpg,data\train_images\normal\istockphoto-186082228-612x612.jpg,normal
0.41926974058151245,0.37000852823257446,256,155,0.9975783228874207,0.3980904221534729,0.5122885704040527,243,214,0.9971976280212402,0.2820664644241333,0.5266724824905396,172,220,0.9995694756507874,0.3911588788032532,0.8998205661773682,239,377,0.8655282258987427,0.320341020822525,0.9516522884368896,196,398,0.8868100047111511,27.91495187643381,172.93289246995204,143.79953353362325,-2.2091154716519155,istockphoto-186148813-612x612.jpg,data\train_images\normal\istockphoto-186148813-612x612.jpg,normal
0.3036588430404663,0.3773978352546692,185,153,0.9999183416366577,0.2911342978477478,0.5747262239456177,178,234,0.9997585415840149,0.14137840270996094,0.5895402431488037,86,240,0.9997009038925171,0.276416540145874,1.0410945415496826,169,424,0.44262397289276123,0.16365499794483185,1.0825779438018799,100,441,0.3621312081813812,23.11786115250308,174.35061724875976,159.80213344489815,-0.45140484805583814,istockphoto-2071158948-612x612.jpg,data\train_images\normal\istockphoto-2071158948-612x612.jpg,normal
0.3670852780342102,0.39126163721084595,224,159,0.9987359642982483,0.34563952684402466,0.58598792552948,211,239,0.9964210987091064,0.20983561873435974,0.6094051599502563,128,248,0.999498724937439,0.31323477625846863,1.0633585453033447,191,433,0.6591762900352478,0.2391103059053421,1.12130606174469,146,457,0.7480695247650146,23.403587021936147,170.21645906637866,141.98314056807848,0.18128372333011897,istockphoto-2071158951-612x612.jpg,data\train_images\normal\istockphoto-2071158951-612x612.jpg,normal
0.297880083322525,0.259005069732666,182,105,0.9999767541885376,0.3399984836578369,0.4935743808746338,208,201,0.9995806813240051,0.18452085554599762,0.48834025859832764,112,199,0.9996788501739502,0.30366459488868713,0.9393083453178406,185,383,0.7180387377738953,0.2042919248342514,0.9712615013122559,125,396,0.7367150187492371,8.730585960301257,-178.07187757462216,162.17487133398672,1.0217775579788548,istockphoto-2071158953-612x612.jpg,data\train_images\normal\istockphoto-2071158953-612x612.jpg,normal
0.606612503528595,0.3263588845729828,371,133,0.9998862743377686,0.766353189945221,0.5028400421142578,469,205,0.9990845918655396,0.559677243232727,0.49183306097984314,342,200,0.9991127848625183,0.712306559085846,0.9170857667922974,435,374,0.844954788684845,0.5810979604721069,0.9051569700241089,355,369,0.9053317308425903,-18.256870853609914,-176.95146755153965,-174.80524958289138,2.2576463927642787,istockphoto-2090410308-612x612.jpg,data\train_images\normal\istockphoto-2090410308-612x612.jpg,normal
0.5671800971031189,0.32081612944602966,347,130,0.9999048709869385,0.6107659339904785,0.5159693956375122,373,210,0.9984654188156128,0.45045390725135803,0.5353789329528809,275,218,0.9999022483825684,0.6250880360603333,0.974075973033905,382,397,0.854993999004364,0.5382744073867798,1.0039340257644653,329,409,0.9053297638893127,10.121523344125405,173.09660071854503,161.02022685191062,-6.2901162177018834,istockphoto-2090425000-612x612.jpg,data\train_images\normal\istockphoto-2090425000-612x612.jpg,normal
0.4108564853668213,0.2783511281013489,251,113,0.9995434880256653,0.3091426193714142,0.43194079399108887,189,176,0.9983943104743958,0.2717176079750061,0.4521249532699585,166,184,0.9992209672927856,0.2866658568382263,0.9307382106781006,175,379,0.8231655955314636,0.23980772495269775,0.9668999314308167,146,394,0.8254063725471497,36.343214612420425,151.66100616704935,142.34163442535282,3.0714527672963885,istockphoto-2090431795-612x612.jpg,data\train_images\normal\istockphoto-2090431795-612x612.jpg,normal
0.5967552065849304,0.3022237718105316,365,123,0.9997417330741882,0.7229042649269104,0.44001227617263794,442,179,0.9956972599029541,0.5821415185928345,0.41965988278388977,356,171,0.999312162399292,0.676590085029602,0.7517336010932922,414,306,0.9991405010223389,0.6118944883346558,0.6943584680557251,374,283,0.9995527863502502,-23.605745096861767,-171.77281784882405,-138.4318624629031,1.6176723928720882,istockphoto-2148950428-612x612.jpg,data\train_images\normal\istockphoto-2148950428-612x612.jpg,normal
0.4772237539291382,0.33328568935394287,292,135,0.995657205581665,0.4349343776702881,0.5143301486968994,266,209,0.9980829954147339,0.30267810821533203,0.5103533267974854,185,207,0.9973227381706238,0.4116548001766205,0.937794029712677,251,381,0.9162198305130005,0.3305395841598511,0.9723321795463562,202,395,0.9209904074668884,31.194688380835654,-178.27768863234868,156.93611917081077,-0.29648569035362793,istockphoto-2149916026-612x612.jpg,data\train_images\normal\istockphoto-2149916026-612x612.jpg,normal
0.42880359292030334,0.3558793067932129,262,122,0.9990818500518799,0.4221545457839966,0.5009279847145081,258,172,0.999468982219696,0.24036043882369995,0.5328097343444824,147,183,0.9999237060546875,0.3965141177177429,0.9843207001686096,242,338,0.6969314217567444,0.28173816204071045,1.0127567052841187,172,348,0.7633432745933533,31.212331027270857,170.05302818031322,166.0850295868697,-0.9359111929931961,istockphoto-2174091194-612x612.jpg,data\train_images\normal\istockphoto-2174091194-612x612.jpg,normal
0.3693304657936096,0.39679229259490967,226,161,0.9817225337028503,0.31069472432136536,0.5615680813789368,190,229,0.9980339407920837,0.20889729261398315,0.5634939670562744,127,229,0.9986522793769836,0.24926027655601501,0.978654682636261,152,399,0.4929647743701935,0.17849209904670715,0.998536229133606,109,407,0.4477684199810028,33.46016966319529,178.91616166379498,164.30787219909143,6.151405801312376,istockphoto-2176713363-612x612.jpg,data\train_images\normal\istockphoto-2176713363-612x612.jpg,normal
0.33497798442840576,0.4086042046546936,205,166,0.9998501539230347,0.31227368116378784,0.5787882804870605,191,236,0.998819887638092,0.20538969337940216,0.5809752941131592,125,237,0.9992944002151489,0.2554461658000946,1.0051547288894653,156,410,0.45265159010887146,0.18287009000778198,0.9969204664230347,111,406,0.3984280526638031,23.96889314370159,178.8278022752675,-173.52707333970514,5.381474408523639,istockphoto-2176720014-612x612.jpg,data\train_images\normal\istockphoto-2176720014-612x612.jpg,normal
0.40552181005477905,0.4072626531124115,248,166,0.9986236095428467,0.3614053726196289,0.47345033288002014,221,193,0.9986742734909058,0.35010164976119995,0.4621301591396332,214,188,0.9998717308044434,0.33591771125793457,0.6724210977554321,205,274,0.9989633560180664,0.33175772428512573,0.6830018162727356,203,278,0.9995051622390747,39.42846125126542,-134.9583375951521,111.4631033548278,5.96009337225057,istockphoto-2184271434-612x612.jpg,data\train_images\normal\istockphoto-2184271434-612x612.jpg,normal
0.4996430277824402,0.3302854597568512,305,134,0.996263325214386,0.4347398579120636,0.4239160418510437,266,172,0.9986444115638733,0.4888252913951874,0.4105760455131531,299,167,0.9998815059661865,0.4827846586704254,0.6422131061553955,295,262,0.9962026476860046,0.5109436511993408,0.6496719121932983,312,265,0.9981560111045837,23.5270987580282,-13.855275752614236,14.83590157601527,-8.721076913602237,istockphoto-2184271436-612x612.jpg,data\train_images\normal\istockphoto-2184271436-612x612.jpg,normal
0.5009753108024597,0.32444119453430176,306,132,0.9998565912246704,0.6574071645736694,0.4983696937561035,402,203,0.9976569414138794,0.527991533279419,0.43320488929748535,323,176,0.9973412156105042,0.6324825286865234,0.8026406764984131,387,327,0.9911709427833557,0.5563462376594543,0.7443231344223022,340,303,0.9876500964164734,-32.980838743380765,-153.27332056015948,-142.54924012188462,-0.31935302733350956,istockphoto-2184935769-612x612.jpg,data\train_images\normal\istockphoto-2184935769-612x612.jpg,normal
0.5272533893585205,0.2736126184463501,322,111,0.9992165565490723,0.7069288492202759,0.467981219291687,432,190,0.9973328113555908,0.5206416249275208,0.4382533133029938,318,178,0.9987491369247437,0.6644814014434814,0.9333281517028809,406,380,0.9116231203079224,0.5484133362770081,0.9155192375183105,335,373,0.9589629769325256,-25.73681412211311,-170.93313096835746,-171.27684674410057,0.891977890094718,istockphoto-2184936371-612x612.jpg,data\train_images\normal\istockphoto-2184936371-612x612.jpg,normal
0.5342438220977783,0.34503287076950073,326,140,0.9998019337654114,0.6821373105049133,0.5011230111122131,417,204,0.9988413453102112,0.5461611151695251,0.5096026659011841,334,207,0.9938004612922668,0.676771879196167,0.8752116560935974,414,357,0.9985769987106323,0.5998634099960327,0.8401734828948975,367,342,0.9962924122810364,-26.490788222254032,176.4315806556031,-155.50680784036598,-3.924117623716767,istockphoto-2187380917-612x612.jpg,data\train_images\normal\istockphoto-2187380917-612x612.jpg,normal
0.32556599378585815,0.33720147609710693,199,115,0.9999500513076782,0.28681468963623047,0.5293136239051819,175,182,0.9996639490127563,0.15480533242225647,0.5635757446289062,94,193,0.999895453453064,0.2569878399372101,1.0182442665100098,157,350,0.2912411093711853,0.15089541673660278,1.0879179239273071,92,374,0.34552261233329773,26.59448048203532,165.45030617381562,146.7060513750321,1.9069498753446144,istockphoto-2187791112-612x612.jpg,data\train_images\normal\istockphoto-2187791112-612x612.jpg,normal
0.35309746861457825,0.4284118711948395,216,174,0.9994662404060364,0.3170631229877472,0.5602719187736511,194,228,0.9992406368255615,0.1898173987865448,0.5915560722351074,116,241,0.999829888343811,0.28766384720802307,0.9624482989311218,176,392,0.8750893473625183,0.21152585744857788,0.9942216873168945,129,405,0.9023088812828064,34.04423324820013,166.18742834022498,157.34857834205886,0.547483795661097,istockphoto-2192506918-612x612.jpg,data\train_images\normal\istockphoto-2192506918-612x612.jpg,normal
0.6253187656402588,0.29742324352264404,382,121,0.9997509121894836,0.7675233483314514,0.5007964372634888,469,204,0.9996880292892456,0.7709500193595886,0.5028238296508789,471,205,0.9987340569496155,0.7592301368713379,1.2370051145553589,464,504,0.641826868057251,0.7566778659820557,1.2226732969284058,463,498,0.5984868407249451,-35.151083379116876,30.610711718533455,-100.09761828360607,0.8878743481470437,istockphoto-2195372720-612x612.jpg,data\train_images\normal\istockphoto-2195372720-612x612.jpg,normal
0.5124959349632263,0.2633911371231079,209,161,0.9993313550949097,0.8582962155342102,0.39115774631500244,350,239,0.9967300891876221,0.43226349353790283,0.37210574746131897,176,227,0.9994422793388367,0.7268955111503601,0.7492766380310059,296,458,0.9962537288665771,0.4952588677406311,0.7229305505752563,202,442,0.9974429607391357,-48.3157709356596,-177.43946352765116,-173.51112870550057,5.511355899971096,istockphoto-2205458705-612x612.jpg,data\train_images\normal\istockphoto-2205458705-612x612.jpg,normal
0.5627637505531311,0.3038332462310791,344,123,0.9986622333526611,0.7494533658027649,0.41986188292503357,458,171,0.9995623230934143,0.5567957162857056,0.42823678255081177,340,174,0.9989570379257202,0.7149120569229126,0.8110931515693665,437,330,0.9713596105575562,0.5974785685539246,0.806443452835083,365,329,0.9722394943237305,-36.93046648288224,177.51089824425736,-177.7325971398458,-0.4573169913703688,istockphoto-2208106301-612x612.jpg,data\train_images\normal\istockphoto-2208106301-612x612.jpg,normal
0.644984781742096,0.34038251638412476,394,138,0.998960018157959,0.8078213930130005,0.4944682717323303,494,201,0.9990750551223755,0.6063809394836426,0.47860705852508545,371,195,0.9997166991233826,0.743879497051239,0.9200888872146606,455,375,0.8455042839050293,0.6240361332893372,0.8757525682449341,381,357,0.8966614603996277,-23.02564019651551,-175.49787830159818,-159.69793406456037,3.219918877102068,istockphoto-2211077364-612x612.jpg,data\train_images\normal\istockphoto-2211077364-612x612.jpg,normal
0.45813360810279846,0.2885057330131531,280,99,0.9978396892547607,0.4393700957298279,0.42300090193748474,268,145,0.9994754195213318,0.30315837264060974,0.4454248547554016,185,153,0.9985840320587158,0.40547242760658264,0.8252923488616943,248,283,0.6655887365341187,0.33282431960105896,0.8663392066955566,203,298,0.7019583582878113,30.803041254203396,170.6514925334746,150.53314710710166,0.29452857037119395,istockphoto-2211077432-612x612.jpg,data\train_images\normal\istockphoto-2211077432-612x612.jpg,normal
0.5405620336532593,0.2501809000968933,330,102,0.9739665985107422,0.5853605270385742,0.5067097544670105,358,206,0.9841338992118835,0.3362448811531067,0.4675688147544861,205,190,0.9987038373947144,0.5210006237030029,1.0463680028915405,318,426,0.9526076912879944,0.3706759214401245,0.9878137111663818,226,403,0.9683831334114075,18.603045648874694,-171.07071277951772,-158.71815308283695,1.6174515576619237,istockphoto-2220033252-612x612.jpg,data\train_images\normal\istockphoto-2220033252-612x612.jpg,normal
0.5836010575294495,0.20606577396392822,357,84,0.9978283047676086,0.6418009996414185,0.4642370343208313,392,189,0.9984757304191589,0.3630528450012207,0.4417840242385864,222,180,0.9990554451942444,0.5738784074783325,1.0063644647598267,351,410,0.927772045135498,0.42105138301849365,1.0108458995819092,257,412,0.9193423390388489,18.19640495878224,-175.39479923599043,178.3203641853065,0.5116961601754472,istockphoto-2220033337-612x612.jpg,data\train_images\normal\istockphoto-2220033337-612x612.jpg,normal
0.5974093079566956,0.42835694551467896,365,174,0.998965859413147,0.7394422292709351,0.592619001865387,452,241,0.9949122667312622,0.6228687167167664,0.6020429134368896,381,245,0.997426450252533,0.7389825582504272,1.027410864830017,452,419,0.7093396186828613,0.6470951437950134,1.0157679319381714,396,414,0.7964897751808167,-26.36373519611927,175.37820641670962,-172.7786100757971,-1.604421664688572,istockphoto-2220874720-612x612.jpg,data\train_images\normal\istockphoto-2220874720-612x612.jpg,normal
0.42753228545188904,0.24877338111400604,261,101,0.999906063079834,0.4306754171848297,0.37396523356437683,263,152,0.9997416138648987,0.34261348843574524,0.44897353649139404,209,183,0.9997114539146423,0.4303528070449829,0.7570829391479492,263,308,0.9826812148094177,0.3527720272541046,0.8233280777931213,215,335,0.9887008666992188,14.107095827228429,139.57671677001974,139.50645175275852,-0.7439553483051304,istockphoto-2232947994-612x612.jpg,data\train_images\normal\istockphoto-2232947994-612x612.jpg,normal
0.5539356470108032,0.3097533583641052,339,126,0.9981694221496582,0.7333086729049683,0.4751463830471039,448,193,0.9984989166259766,0.4920889735221863,0.5112967491149902,301,208,0.9983931183815002,0.7166204452514648,0.9447780847549438,438,385,0.8351770043373108,0.5524582266807556,0.9380736947059631,338,382,0.8846484422683716,-17.759783494615764,171.47680488099974,-177.66133825123262,-2.7897547701985514,istockphoto-2237450705-612x612.jpg,data\train_images\normal\istockphoto-2237450705-612x612.jpg,normal
0.6245179176330566,0.4375802278518677,382,178,0.9998373985290527,0.8277227282524109,0.6027342677116394,506,245,0.9962551593780518,0.6905599236488342,0.6717878580093384,422,274,0.9807315468788147,0.9005470275878906,1.3636051416397095,551,556,0.01108204759657383,0.7473758459091187,1.3633170127868652,457,556,0.012111853808164597,-33.98757072164624,153.27737194505553,-179.89222158129772,-5.100664249717662,istockphoto-508094498-612x612.jpg,data\train_images\normal\istockphoto-508094498-612x612.jpg,normal
0.49246788024902344,0.21312391757965088,301,86,0.9999129772186279,0.5733437538146973,0.27261531352996826,350,111,0.9996026158332825,0.5542632937431335,0.27923715114593506,339,113,0.9993873834609985,0.6681201457977295,0.4889703392982483,408,199,0.9997033476829529,0.6363796591758728,0.4638165235519409,389,189,0.9998378753662109,-48.64002679259002,160.8607655672392,-141.6037518765562,-23.807131921884018,istockphoto-512622794-612x612.jpg,data\train_images\normal\istockphoto-512622794-612x612.jpg,normal
0.7465707659721375,0.3180166184902191,304,194,0.999687671661377,0.6864326596260071,0.3978860378265381,280,243,0.9999977350234985,0.689167320728302,0.39458441734313965,281,241,0.9993383288383484,0.6018515229225159,0.5719113945960999,245,350,0.9999489784240723,0.593254029750824,0.5629869103431702,242,344,0.9997919201850891,36.91994213011981,-50.3657796507873,-133.93088354266015,27.793807269508186,istockphoto-527319509-612x612.jpg,data\train_images\normal\istockphoto-527319509-612x612.jpg,normal
0.45429161190986633,0.4403105676174164,185,269,0.9998546838760376,0.6015560030937195,0.45190420746803284,245,276,0.9999027252197266,0.5749872922897339,0.46402275562286377,234,283,0.9984089732170105,0.7268719673156738,0.6312670111656189,296,386,0.9991018772125244,0.6893607974052429,0.6186529397964478,281,378,0.9981537461280823,-82.49406983740754,155.4812729199109,-161.41349098775115,-35.66504500917561,istockphoto-527399997-612x612.jpg,data\train_images\normal\istockphoto-527399997-612x612.jpg,normal
0.6820911169052124,0.3557533323764801,417,145,0.9998763799667358,0.8021736741065979,0.5592483878135681,490,228,0.9942460656166077,0.7295898199081421,0.5614721775054932,446,229,0.9953694939613342,0.81529301404953,1.328479528427124,498,542,0.009055833332240582,0.7176040410995483,1.3034478425979614,439,531,0.015107807703316212,-22.2700790375534,178.24514801901913,-165.62783415115146,-0.042977742286012595,istockphoto-532488263-612x612.jpg,data\train_images\normal\istockphoto-532488263-612x612.jpg,normal
0.53911292552948,0.29271578788757324,329,119,0.9999486207962036,0.47060343623161316,0.3410927355289459,288,139,0.9990234375,0.4438008964061737,0.31018126010894775,271,126,0.9998843669891357,0.37394315004348755,0.5216869711875916,228,212,0.9975371360778809,0.33743032813072205,0.5251527428627014,206,214,0.9985635876655579,68.10403719918963,-130.9277117183173,174.57776967234474,27.169935934089526,istockphoto-589428646-612x612.jpg,data\train_images\normal\istockphoto-589428646-612x612.jpg,normal
0.7554359436035156,0.2393013834953308,462,97,0.9999608993530273,0.8777309060096741,0.5187251567840576,537,211,0.9914510846138,0.7671985626220703,0.4554741680622101,469,185,0.9980267882347107,0.8924314379692078,1.0258848667144775,546,418,0.7575585842132568,0.8034275770187378,0.9208055138587952,491,375,0.9104740619659424,-15.136134425339073,-150.22009897410982,-130.265122834794,-2.9978524810775213,istockphoto-638470050-612x612.jpg,data\train_images\normal\istockphoto-638470050-612x612.jpg,normal
0.5645461678504944,0.3386881351470947,230,207,0.9999390840530396,0.7600622773170471,0.5751132965087891,310,351,0.9903399348258972,0.5880039930343628,0.5112904906272888,239,312,0.9974937438964844,0.7734919786453247,0.9990495443344116,315,611,0.6068467497825623,0.6504334211349487,0.9282615780830383,265,568,0.852713406085968,-28.162484635940483,-159.6483127121255,-150.09084839233054,-5.154759159012692,istockphoto-638470956-612x612.jpg,data\train_images\normal\istockphoto-638470956-612x612.jpg,normal
0.5941251516342163,0.2744894027709961,363,111,0.9982017278671265,0.7617537975311279,0.4373489022254944,466,178,0.9926008582115173,0.6347445249557495,0.4194056987762451,388,171,0.9987214207649231,0.8240436911582947,0.7943173050880432,504,324,0.9982415437698364,0.7389799356460571,0.7308914065361023,452,298,0.9969879984855652,-34.08316505922582,-171.95876830954276,-143.29076562617604,-13.988780577921059,istockphoto-674544166-612x612.jpg,data\train_images\normal\istockphoto-674544166-612x612.jpg,normal
0.6063488125801086,0.27175337076187134,371,110,0.9999828338623047,0.7285639047622681,0.46861931681632996,445,191,0.9991187453269958,0.6568346619606018,0.4292464256286621,401,175,0.9989387392997742,0.7297008037567139,0.9314201474189758,446,380,0.876530110836029,0.663514256477356,0.8926243782043457,406,364,0.9240230321884155,-25.982822504650155,-151.2371810151323,-149.62296229174996,-0.48353672592335184,istockphoto-675272840-612x612.jpg,data\train_images\normal\istockphoto-675272840-612x612.jpg,normal
0.4972100257873535,0.38049018383026123,304,155,0.9999308586120605,0.6957034468650818,0.5890171527862549,425,240,0.99750155210495,0.5474151372909546,0.5607954263687134,335,228,0.9988001585006714,0.7148928642272949,1.173166275024414,437,478,0.08519625663757324,0.5579935312271118,1.1518391370773315,341,469,0.1213468387722969,-32.60313302703281,-169.22452629588992,-172.25929490659573,-1.4510004412390618,istockphoto-844990994-612x612.jpg,data\train_images\normal\istockphoto-844990994-612x612.jpg,normal
0.4612627327442169,0.40317678451538086,282,164,0.9999659061431885,0.6414573192596436,0.6049613356590271,392,246,0.9993501305580139,0.5202043056488037,0.588472843170166,318,240,0.9997784495353699,0.6681329011917114,1.1686421632766724,408,476,0.23866859078407288,0.52433842420578,1.1614000797271729,320,473,0.3239266276359558,-31.707532198145618,-172.25617901480268,-177.11678414088027,-1.5527196184637957,istockphoto-844991008-612x612.jpg,data\train_images\normal\istockphoto-844991008-612x612.jpg,normal
0.32389289140701294,0.055003970861434937,198,22,0.9979931116104126,0.25045162439346313,0.19514232873916626,153,79,0.9987878203392029,0.21352079510688782,0.1942204236984253,130,79,0.9992756247520447,0.24600130319595337,0.6158016324043274,150,251,0.9703647494316101,0.22347232699394226,0.6388635635375977,136,260,0.9749687910079956,33.34461552259791,-178.57002127579304,134.3302463327653,-0.36425634828844344,istockphoto-861486388-612x612.jpg,data\train_images\normal\istockphoto-861486388-612x612.jpg,normal
0.6250350475311279,0.3373164236545563,382,137,0.9998212456703186,0.7561934590339661,0.4462426006793976,462,182,0.9994174242019653,0.6239039897918701,0.43370553851127625,381,176,0.9998291730880737,0.7617401480674744,0.7111186385154724,466,290,0.9975876808166504,0.689665675163269,0.7007244229316711,422,285,0.9988601207733154,-32.34631528867239,-174.58625259500863,-171.7936722128673,-7.635816050795402,istockphoto-922215538-612x612.jpg,data\train_images\normal\istockphoto-922215538-612x612.jpg,normal
0.656209409236908,0.345071017742157,401,140,0.9992146492004395,0.8189510107040405,0.4989314675331116,501,203,0.9971605539321899,0.6964247226715088,0.4631608724594116,426,188,0.9977032542228699,0.821982741355896,0.8951108455657959,503,365,0.6008725762367249,0.7309592962265015,0.8507805466651917,447,347,0.7818370461463928,-36.734034590165955,-163.7252467395295,-154.03296076931167,-2.7440003026052895,istockphoto-931096976-612x612.jpg,data\train_images\normal\istockphoto-931096976-612x612.jpg,normal
0.7099485993385315,0.41348057985305786,434,168,0.9766228199005127,0.8481565713882446,0.5861427783966064,519,239,0.9603086113929749,0.7300435304641724,0.5524001717567444,446,225,0.9866611361503601,0.8326103687286377,0.9296980500221252,509,379,0.8830358982086182,0.749175488948822,0.9259576797485352,458,377,0.9507060647010803,-26.933398313667404,-164.05638749511982,-177.43315938736774,-0.28649184444758896,istockphoto-990046354-612x612.jpg,data\train_images\normal\istockphoto-990046354-612x612.jpg,normal
0.6770772337913513,0.3975673317909241,414,162,0.99569171667099,0.8213414549827576,0.5414873957633972,502,220,0.9841755032539368,0.6840753555297852,0.49915191531181335,418,203,0.9952813982963562,0.7915826439857483,0.8374330401420593,484,341,0.9107215404510498,0.7069795727729797,0.8058436512947083,432,328,0.9454675912857056,-31.638394871721506,-162.85924059624307,-159.5251989799058,0.6516727464374052,istockphoto-990048022-612x612.jpg,data\train_images\normal\istockphoto-990048022-612x612.jpg,normal
0.5950965881347656,0.41305381059646606,329,228,0.9996026158332825,0.7220543026924133,0.5228849649429321,400,289,0.9992445707321167,0.7104216814041138,0.49193698167800903,393,272,0.9983421564102173,0.7420384287834167,0.9086321592330933,411,503,0.9121144413948059,0.7040444612503052,0.8552252650260925,390,473,0.8996180295944214,-52.084938891145356,-110.60006348914847,-125.42826272724152,-1.0407151125152156,att.05U6U7QL0anEql6igUuxvzih7xRBWij3wcOgj_X_gvA.JPG,data\train_images\normal\att.05U6U7QL0anEql6igUuxvzih7xRBWij3wcOgj_X_gvA.JPG,normal
0.56302410364151,0.5180566310882568,266,317,0.9994558691978455,0.8814621567726135,0.5481351613998413,417,336,0.9660119414329529,0.6796553134918213,0.535539984703064,322,328,0.9889839291572571,1.3428404331207275,0.7321495413780212,636,448,0.426445335149765,1.197581171989441,0.7972502112388611,567,488,0.6111617684364319,-83.76118509820668,-176.42868580153072,155.85956566712255,-65.52761982961685,att.5qNGK94cEDE7u2kAbI1eAnvj8Us0XGgTrHrAtIQV7bA.JPG,data\train_images\normal\att.5qNGK94cEDE7u2kAbI1eAnvj8Us0XGgTrHrAtIQV7bA.JPG,normal
0.7545126080513,0.2578543722629547,361,107,0.9999996423721313,0.8327157497406006,0.359561026096344,398,149,0.9999908208847046,0.6991122961044312,0.36363619565963745,334,151,0.9999722242355347,0.7820253372192383,0.5644401907920837,374,235,0.9999459981918335,0.6990486979484558,0.5472659468650818,334,228,0.9999111890792847,-6.271595357065837,178.25290709134958,-168.3062186631672,7.442853915404262,att.6nhAazp-N6FDpUYoltOhCwEdi49EV8pB-rRs_e6zwkM.JPG,data\train_images\normal\att.6nhAazp-N6FDpUYoltOhCwEdi49EV8pB-rRs_e6zwkM.JPG,normal
0.35194775462150574,0.2953786551952362,360,302,0.9999914169311523,0.2278325855731964,0.3998274505138397,233,409,0.999750554561615,0.2881084680557251,0.4324662685394287,295,442,0.9999817609786987,0.3251308500766754,0.7454234957695007,332,763,0.9991631507873535,0.34824222326278687,0.7950254678726196,356,814,0.9995864033699036,37.88869782158068,28.435124340142504,65.01746636388525,-12.533756543451531,att.75s2yfN5__vhOEGRnch5ZDALkMk3eeHsLFOvoQYr8m4.JPG,data\train_images\normal\att.75s2yfN5__vhOEGRnch5ZDALkMk3eeHsLFOvoQYr8m4.JPG,normal
0.6725141406059265,0.31772539019584656,372,176,0.9999791383743286,0.7236587405204773,0.39437350630760193,400,218,0.9984982013702393,0.7120481729507446,0.37708884477615356,394,208,0.9995132684707642,0.7260903120040894,0.5784304738044739,402,320,0.9997606873512268,0.7289578318595886,0.5622777342796326,403,311,0.9996775388717651,-33.691307499155705,-123.8903094331541,-79.93342560218268,-2.998433210281761,att.7qDrF1uHa1iVm12wdL6Wa6l-waS3PAmazhhUyDpB_lo.JPG,data\train_images\normal\att.7qDrF1uHa1iVm12wdL6Wa6l-waS3PAmazhhUyDpB_lo.JPG,normal
0.4564584493637085,0.3268185257911682,235,126,0.9997981190681458,0.683957576751709,0.43464380502700806,352,168,0.9988021850585938,0.3949810266494751,0.3953709602355957,203,153,0.9992252588272095,0.5777712464332581,0.8132566213607788,298,314,0.9838182330131531,0.43239036202430725,0.7615022659301758,223,294,0.9792158007621765,-43.267594086677576,-172.26073369049467,-160.40470402535098,5.276290005670539,att.7Zp72dsCoFPfeY2r2ifexPMqiSIukrRZPJk5JsnkuNA.JPG,data\train_images\normal\att.7Zp72dsCoFPfeY2r2ifexPMqiSIukrRZPJk5JsnkuNA.JPG,normal
0.5041419863700867,0.3761719763278961,428,319,0.998761773109436,0.4172607362270355,0.4366215467453003,354,371,0.9985024929046631,0.4058760404586792,0.4437871277332306,344,377,0.9998083710670471,0.38456395268440247,0.6597204804420471,326,560,0.9994218349456787,0.37653475999832153,0.6713787913322449,320,570,0.9994131326675415,55.32872385279447,147.81349601481884,124.5555644743544,7.837574026266114,att.80XISHqOuNuWNXzAPruPWysXdZAV6yU_DXHEW4mHCVw.JPG,data\train_images\normal\att.80XISHqOuNuWNXzAPruPWysXdZAV6yU_DXHEW4mHCVw.JPG,normal
0.4283864498138428,0.26800811290740967,221,103,0.9881626963615417,0.41257062554359436,0.44641780853271484,213,172,0.9975293278694153,0.18618255853652954,0.4283294677734375,96,165,0.9952579140663147,0.32052624225616455,0.8579057455062866,166,331,0.9836093187332153,0.18814875185489655,0.8676915168762207,97,334,0.974179744720459,37.29741028371053,-175.43178847327613,175.77220099067506,6.043305795260867,att.86E6z1XK82zIBu8j7geCtLxQnJqveeGiBTamMw9Jyoc.JPG,data\train_images\normal\att.86E6z1XK82zIBu8j7geCtLxQnJqveeGiBTamMw9Jyoc.JPG,normal
0.4063618779182434,0.3791433572769165,234,143,0.999943733215332,0.3780566453933716,0.491168349981308,217,185,0.9984885454177856,0.2911474108695984,0.46375012397766113,167,175,0.9998444318771362,0.30595663189888,0.7813916802406311,176,295,0.9976755976676941,0.25340622663497925,0.7995361089706421,145,302,0.996862530708313,36.12535992539029,-162.49049632152136,160.9514011308115,9.951958754248162,att.92VMfIjO3Nt5nzzc9Jx5tOBH6lq9JDALsc0_V7nHtWQ.JPG,data\train_images\normal\att.92VMfIjO3Nt5nzzc9Jx5tOBH6lq9JDALsc0_V7nHtWQ.JPG,normal
0.3313913941383362,0.24618202447891235,181,89,0.9987850785255432,0.23491181433200836,0.4119020700454712,128,150,0.9972851276397705,0.17386162281036377,0.4450456202030182,95,162,0.9986177682876587,0.15599797666072845,0.8848314881324768,85,322,0.9616803526878357,0.11622928828001022,0.9282363057136536,63,338,0.9631264805793762,34.86534228171143,151.50289886359832,132.49677156699227,8.127611499082217,att.ayzrMucAua98eT2atUfo3Ln7LV2KJy_NsjNL3VzdPto.JPG,data\train_images\normal\att.ayzrMucAua98eT2atUfo3Ln7LV2KJy_NsjNL3VzdPto.JPG,normal
0.3576306104660034,0.2667815089225769,201,93,0.9997450709342957,0.37318283319473267,0.4908570945262909,210,172,0.9993360638618469,0.14462104439735413,0.4882996380329132,81,171,0.9996071457862854,0.35437914729118347,1.1389435529708862,199,400,0.08704622834920883,0.18422740697860718,1.1543577909469604,103,406,0.08652576804161072,23.899719330828457,-179.35892456357905,174.82364025184205,-0.9069063051828765,att.b6PEZ8xfWZHokuKec8GyPwdtOQughlFj9A8stqITfVI.JPG,data\train_images\normal\att.b6PEZ8xfWZHokuKec8GyPwdtOQughlFj9A8stqITfVI.JPG,normal
0.4394870102405548,0.2696214020252228,527,215,0.9978918433189392,0.38624149560928345,0.3534327745437622,463,282,0.9988904595375061,0.35465729236602783,0.37118443846702576,425,296,0.9994224309921265,0.42557528614997864,0.623174786567688,510,498,0.9928983449935913,0.4063068628311157,0.6431535482406616,487,514,0.9863922595977783,36.68040533985795,150.66216362429702,133.9631117101481,-9.534155929726207,att.B8GGskp3Vl0qLEl2LG-3hDz6dNX46-dlmOR93EqWy94.JPG,data\train_images\normal\att.B8GGskp3Vl0qLEl2LG-3hDz6dNX46-dlmOR93EqWy94.JPG,normal
0.48016631603240967,0.3531196415424347,276,114,0.999957799911499,0.590388834476471,0.4694986641407013,340,152,0.9996998310089111,0.3616511821746826,0.46332263946533203,208,150,0.9998351335525513,0.5412189960479736,0.7487655282020569,311,242,0.9929065704345703,0.42515209317207336,0.7353237867355347,244,238,0.9886848330497742,2.09601755844164,-178.4533626577158,-173.39398770274767,-1.4891578282819617,att.BhWqf-wMjFE6MnPPIOETW5RUOp0aJd35Fvy_FvAMAzI.JPG,data\train_images\normal\att.BhWqf-wMjFE6MnPPIOETW5RUOp0aJd35Fvy_FvAMAzI.JPG,normal
0.4734664559364319,0.3398696780204773,262,188,0.999941349029541,0.3385605812072754,0.46013909578323364,187,254,0.9996034502983093,0.26408812403678894,0.5078191757202148,146,281,0.9996846914291382,0.28792881965637207,0.9749338030815125,159,540,0.9493720531463623,0.2839072346687317,1.0232675075531006,157,566,0.9506570100784302,50.06547832974124,147.37109335670115,94.75631476828005,1.7130994111795277,att.BoO7YoBmtzYVbt7wMP0_4Tcr1__DItRkZ6c7QXNbRi8.JPG,data\train_images\normal\att.BoO7YoBmtzYVbt7wMP0_4Tcr1__DItRkZ6c7QXNbRi8.JPG,normal
0.6286391615867615,0.3989519774913788,1318,558,0.9997499585151672,0.7683079242706299,0.47592467069625854,1611,666,0.9990389347076416,0.5018051862716675,0.5150631070137024,1052,721,0.9998468160629272,0.7013503313064575,0.7625406980514526,1470,1067,0.9994179010391235,0.5618804693222046,0.7576148509979248,1178,1060,0.9991487264633179,-3.8030057704651092,171.64529758314822,-177.9772476981983,0.745141902022802,att.CaGQX2LwbUGMUiRDtGIig8iFZafEO-Xap8MRm5YJ4pQ.JPG,data\train_images\normal\att.CaGQX2LwbUGMUiRDtGIig8iFZafEO-Xap8MRm5YJ4pQ.JPG,normal
0.5450659394264221,0.31971555948257446,301,177,0.9998062252998352,0.5714854001998901,0.4058336019515991,316,224,0.9999771118164062,0.6083248853683472,0.40372925996780396,337,223,0.9999388456344604,0.5829417705535889,0.6571817994117737,322,364,0.9999878406524658,0.6132596731185913,0.650320291519165,339,360,0.9999831914901733,-27.79423242783417,-3.269291997850457,-12.752277662016628,-1.8853810452399304,att.cxe_C-FrGEAVoirtg2babq16vX0aXM6O8fpQ1nZdrnM.JPG,data\train_images\normal\att.cxe_C-FrGEAVoirtg2babq16vX0aXM6O8fpQ1nZdrnM.JPG,normal
0.5520933866500854,0.15507352352142334,424,79,0.9996496438980103,0.6398704051971436,0.2568892240524292,491,131,0.999855637550354,0.557489812374115,0.24461635947227478,428,125,0.9994621872901917,0.5912595391273499,0.5274675488471985,454,270,0.999077320098877,0.5434502363204956,0.49364471435546875,417,252,0.998994767665863,-25.96168622140419,-171.52653206944368,-144.72238805620677,6.875125425629835,att.DtVdwbeTiJjD2K4ULIBJ7OMVJer_ftRbeBgFGa-EzuU.JPG,data\train_images\normal\att.DtVdwbeTiJjD2K4ULIBJ7OMVJer_ftRbeBgFGa-EzuU.JPG,normal
0.2874109148979187,0.18206045031547546,81,46,0.9999420642852783,0.28254708647727966,0.2661297619342804,80,67,0.9989031553268433,0.21247568726539612,0.28864139318466187,60,73,0.9997313618659973,0.3041699528694153,0.5250869989395142,86,132,0.9938727617263794,0.2673158049583435,0.5408268570899963,76,136,0.9953629970550537,22.71235961217813,162.18949971404854,156.87339307736082,-8.507915689575242,att.fJB9_OJ-Y-sRdno6LUsQRXQtX4ppfAfeZGpBWZaO2M0.jpg,data\train_images\normal\att.fJB9_OJ-Y-sRdno6LUsQRXQtX4ppfAfeZGpBWZaO2M0.jpg,normal
0.41586899757385254,0.32248443365097046,185,144,0.9931464791297913,0.4747832417488098,0.3732074201107025,212,166,0.9995946288108826,0.4798245131969452,0.34574776887893677,214,154,0.9979251623153687,0.4867349863052368,0.5977465510368347,217,267,0.9997318387031555,0.49558505415916443,0.5829165577888489,221,260,0.9987955093383789,-58.94565025154438,-79.59700781787491,-59.17259241239151,-3.4348434095203157,att.G4dQG4hsn07BG78ZOJIHPBNkIyKWx2sRt8OaD3blL2k.JPG,data\train_images\normal\att.G4dQG4hsn07BG78ZOJIHPBNkIyKWx2sRt8OaD3blL2k.JPG,normal
0.38942259550094604,0.18181300163269043,224,58,0.9997527003288269,0.3448827266693115,0.2691992223262787,198,87,0.999210000038147,0.3418843746185303,0.2797859311103821,196,90,0.9997274279594421,0.34725838899612427,0.5438593626022339,200,176,0.9995081424713135,0.34970730543136597,0.564314067363739,201,182,0.9982348680496216,26.41611961082234,105.81310458082082,83.17282353120903,-1.0448566102156338,att.hgpkY10NWqamLOr1F8BtLohxBVBgkCLVEi8XwHrJg_c.JPG,data\train_images\normal\att.hgpkY10NWqamLOr1F8BtLohxBVBgkCLVEi8XwHrJg_c.JPG,normal
0.41490301489830017,0.4034919738769531,448,290,0.9998877048492432,0.42912495136260986,0.6116583943367004,463,440,0.9992519021034241,0.23714520037174225,0.5929315090179443,256,426,0.9984612464904785,0.41347673535346985,1.1229159832000732,446,808,0.1190657690167427,0.26306137442588806,1.1362886428833008,284,818,0.12662829458713531,22.357433185223645,-174.4286437125377,174.91948307425332,-0.5578265305319691,att.hGxwPdxbYMSrwKRcBfsW1KlWBXOQig_gInhpPWw8s-E.JPG,data\train_images\normal\att.hGxwPdxbYMSrwKRcBfsW1KlWBXOQig_gInhpPWw8s-E.JPG,normal
0.432381272315979,0.20564422011375427,345,109,0.9996416568756104,0.376412570476532,0.3391290605068207,301,180,0.9996867179870605,0.3380853533744812,0.36623716354370117,270,195,0.9993441700935364,0.4103297293186188,0.6898398995399475,328,367,0.9891130924224854,0.37945419549942017,0.7222557067871094,303,384,0.9880322217941284,27.065622398142974,144.72896556411865,133.6059111864335,-6.080634995194647,att.hHvxNpn4dKuC8qbnOYhMirHhqlyCg3pcctauZYHeb2I.JPG,data\train_images\normal\att.hHvxNpn4dKuC8qbnOYhMirHhqlyCg3pcctauZYHeb2I.JPG,normal
0.4652317762374878,0.29663628339767456,267,106,0.9999781847000122,0.553313672542572,0.384827584028244,318,138,0.9999853372573853,0.46050187945365906,0.3729763329029083,265,134,0.9997913241386414,0.5370316505432129,0.611488401889801,309,220,0.9996447563171387,0.48305171728134155,0.6089990139007568,278,219,0.9985800981521606,-26.866889257048207,-172.72321094736395,-177.35956621609006,-0.7761189440753217,att.hRMVt-iuMOTRA2M5tggDX7rkRivttkeQxiOyhGQbiiU.JPG,data\train_images\normal\att.hRMVt-iuMOTRA2M5tggDX7rkRivttkeQxiOyhGQbiiU.JPG,normal
0.5965263247489929,0.20368003845214844,257,94,0.9994969367980957,0.7114015221595764,0.28623801469802856,306,132,0.9991959929466248,0.5803778767585754,0.26389455795288086,250,122,0.9994240999221802,0.7070493102073669,0.5145806074142456,304,238,0.9984633922576904,0.6250051856040955,0.4952920079231262,269,229,0.9976744055747986,-34.66374109145416,-170.3224457961774,-166.77000213539299,-5.006561764365484,att.iNsahF6bnzsaBnfTJ__RZ4Z2JVDtwJ-NLuijKH2SjuY.JPG,data\train_images\normal\att.iNsahF6bnzsaBnfTJ__RZ4Z2JVDtwJ-NLuijKH2SjuY.JPG,normal
0.49322009086608887,0.4782349467277527,123,95,0.9997696280479431,0.44949018955230713,0.6572474837303162,112,131,0.9994876384735107,0.234503835439682,0.6350737810134888,58,127,0.9946887493133545,0.36772507429122925,1.184133529663086,91,236,0.25117403268814087,0.196920245885849,1.1851733922958374,49,237,0.17554430663585663,42.004166290468376,-174.11133264638494,179.65118665194743,6.323565633769253,att.iwF1yMYiRzNxR3RpyyN7pGvwXx5V6yYmyakzcFQWe04.JPG,data\train_images\normal\att.iwF1yMYiRzNxR3RpyyN7pGvwXx5V6yYmyakzcFQWe04.JPG,normal
0.8027041554450989,0.1479717195034027,790,90,0.9999911785125732,0.8608671426773071,0.2606319189071655,847,158,0.9997760653495789,0.7771536707878113,0.25539928674697876,765,155,0.9998445510864258,0.8384050130844116,0.531107485294342,825,323,0.9993594288825989,0.7867163419723511,0.5143290758132935,774,313,0.9994319081306458,-8.428728637518,-176.4232973586254,-162.01630207076332,1.3957892656333732,att.IZAH82O5ToSR4hUcqdXJIa8S-zZzXhI_SXhu92cNXys.JPG,data\train_images\normal\att.IZAH82O5ToSR4hUcqdXJIa8S-zZzXhI_SXhu92cNXys.JPG,normal
0.6365337371826172,0.3680397570133209,328,142,0.999702513217926,0.6338405013084412,0.43212923407554626,327,167,0.9992666840553284,0.6556417942047119,0.4304015338420868,338,166,0.9990147352218628,0.6216246485710144,0.6916227340698242,320,267,0.9999942779541016,0.6267440915107727,0.6740203499794006,323,260,0.9999948740005493,-7.396288526214263,-4.531083753449906,-73.78355950507847,4.671741234289143,att.jFkBMK6-fvt4xtqMdILUuEwMCaVBcqzvCDs8RNfTC-8.JPG,data\train_images\normal\att.jFkBMK6-fvt4xtqMdILUuEwMCaVBcqzvCDs8RNfTC-8.JPG,normal
0.5883714556694031,0.38672390580177307,303,149,0.9893026947975159,0.596588671207428,0.3405214548110962,307,131,0.9987602233886719,0.4755314290523529,0.40135446190834045,245,155,0.9950752854347229,0.45587751269340515,0.5027598142623901,235,194,0.991417646408081,0.3972092866897583,0.5332443714141846,204,206,0.993351399898529,106.79217312451854,153.3198132876101,152.54319098484962,36.674551569920624,att.K1EOm2CIdZvOOEBleCM7dv8pn8CA_nTHiawdT9aePK8.JPG,data\train_images\normal\att.K1EOm2CIdZvOOEBleCM7dv8pn8CA_nTHiawdT9aePK8.JPG,normal
0.3696988821029663,0.18576115369796753,258,146,0.9999116659164429,0.2709157168865204,0.27942195534706116,189,220,0.9997844099998474,0.2241789698600769,0.29240936040878296,156,230,0.9999877214431763,0.35579144954681396,0.5549076199531555,249,437,0.9990367889404297,0.31305959820747375,0.5846114158630371,219,461,0.9997760653495789,50.650984170763074,164.4702266900141,145.1960352307851,-17.01816374075215,att.kr6ndiKsycs_zo0uvudbepX1-Gm3Dn8uhSoCRbYAk7Q.JPG,data\train_images\normal\att.kr6ndiKsycs_zo0uvudbepX1-Gm3Dn8uhSoCRbYAk7Q.JPG,normal
0.7108296155929565,0.27988362312316895,909,238,0.9999066591262817,0.8391610980033875,0.509004533290863,1074,434,0.9991580247879028,0.7676737308502197,0.4749942719936371,982,405,0.9994296431541443,0.821550190448761,1.0165983438491821,1051,867,0.7093051075935364,0.780188798904419,0.9713850021362305,998,828,0.8450941443443298,-23.58110153954716,-154.5571352596175,-132.45243192122373,0.29080884955987557,att.lmNAUVGrxFj837fZWfQqbbtViaHwHwz5_fc9zZiYQ00.JPG,data\train_images\normal\att.lmNAUVGrxFj837fZWfQqbbtViaHwHwz5_fc9zZiYQ00.JPG,normal
0.4464656114578247,0.18164904415607452,257,69,0.9999580383300781,0.4054550230503082,0.2714218497276306,233,104,0.9997610449790955,0.3827488124370575,0.2859603762626648,220,109,0.9999879598617554,0.4569653868675232,0.473429799079895,263,181,0.999795138835907,0.43555811047554016,0.4938133656978607,250,189,0.9998716115951538,28.351204712983474,147.36903006166057,136.40323854606598,-14.279969670020217,att.lnxbOTBik0M9jO85fLwyPxHCQ8T_mE4DioF53odEakM.JPG,data\train_images\normal\att.lnxbOTBik0M9jO85fLwyPxHCQ8T_mE4DioF53odEakM.JPG,normal
0.5603744387626648,0.45150819420814514,322,146,0.9999889135360718,0.6934558153152466,0.4775506854057312,399,154,0.9999330043792725,0.46561166644096375,0.46312835812568665,268,150,0.9995792508125305,0.6090960502624512,0.7763540744781494,350,251,0.9973721504211426,0.4920112192630768,0.7696306109428406,283,249,0.9952109456062317,-45.49462436647545,-176.37806157005724,-176.71346416887826,5.469603037969208,att.n09F00zQfsR5sgVFJHvC6qwcoknxspx_7EbEfdxvoTA.JPG,data\train_images\normal\att.n09F00zQfsR5sgVFJHvC6qwcoknxspx_7EbEfdxvoTA.JPG,normal
0.44661563634872437,0.3903490900993347,257,126,0.9999896287918091,0.46223703026771545,0.5343831777572632,266,173,0.9999901056289673,0.18829098343849182,0.4729423522949219,108,153,0.9999887943267822,0.3879324197769165,1.1601300239562988,223,375,0.8062150478363037,0.21276819705963135,1.1276400089263916,122,365,0.7441588044166565,46.96177653754321,-167.35884668256315,-169.49201677192966,2.2284915733816946,att.N6msg0y5N4RYbff4ci4G0ZaTiZIJnvuCWpmbXKFkIQ0.JPG,data\train_images\normal\att.N6msg0y5N4RYbff4ci4G0ZaTiZIJnvuCWpmbXKFkIQ0.JPG,normal
0.48984917998313904,0.38973844051361084,293,155,0.9990726709365845,0.3874228000640869,0.4717964828014374,232,188,0.9990366697311401,0.21505729854106903,0.4666123688220978,129,186,0.99367755651474,0.19768790900707245,0.8444797396659851,118,337,0.9848284125328064,0.08551669120788574,0.876359224319458,51,350,0.9807767271995544,67.1530287950843,-178.27727511957147,164.13464958530813,22.198222482895265,att.NDCJmzGhaof5bImsRaD_owzbmrG7QGZqFdm-v8O51wU.JPG,data\train_images\normal\att.NDCJmzGhaof5bImsRaD_owzbmrG7QGZqFdm-v8O51wU.JPG,normal
0.264515221118927,0.2507264018058777,211,133,0.9996589422225952,0.21996867656707764,0.41706618666648865,175,222,0.9992544054985046,0.16787642240524292,0.44839805364608765,134,239,0.9997298121452332,0.3270070552825928,0.7857705354690552,261,419,0.9957488179206848,0.29817092418670654,0.8282276391983032,238,442,0.9954025745391846,21.199262819787894,148.97440300769196,124.18366942958588,-17.59192744289871,att.NE1wvn7aKEElYD6F8LPuDhvHb0opDXDtwBTHpWF5u4c.JPG,data\train_images\normal\att.NE1wvn7aKEElYD6F8LPuDhvHb0opDXDtwBTHpWF5u4c.JPG,normal
0.30554354190826416,0.33301353454589844,244,266,0.9999393224716187,0.16388538479804993,0.507451057434082,131,405,0.9998608827590942,0.2201661616563797,0.5424522161483765,176,433,0.9999276399612427,0.22411082684993744,0.8734199404716492,179,698,0.9966256618499756,0.23895353078842163,0.9307526350021362,191,744,0.9974057078361511,30.60130293649725,31.877586102697514,75.48551855414841,-5.980157898314355,att.NEtiucbgYHm4F7dXVrz6Uoj2apRs_wmh_4ihnogxugQ.JPG,data\train_images\normal\att.NEtiucbgYHm4F7dXVrz6Uoj2apRs_wmh_4ihnogxugQ.JPG,normal
0.43203991651535034,0.36693787574768066,345,198,0.9971734285354614,0.7791038751602173,0.40047764778137207,623,216,0.9946554899215698,0.47405269742012024,0.43693292140960693,379,235,0.9994783997535706,0.8504235744476318,0.8523269295692444,680,460,0.8886293768882751,0.6722016334533691,0.8200177550315857,537,442,0.9533495903015137,-75.09869326539452,173.18516246578474,-169.72466244880536,-17.88709025907939,att.NUTGKmMxP7QS0GUHKerlWU8Qk0ef8Ihk3py1pDNpJaM.JPG,data\train_images\normal\att.NUTGKmMxP7QS0GUHKerlWU8Qk0ef8Ihk3py1pDNpJaM.JPG,normal
0.34238284826278687,0.4422919750213623,197,191,0.9976649284362793,0.20660190284252167,0.46279004216194153,119,199,0.9969202280044556,0.2841390073299408,0.5057588815689087,163,218,0.9992357492446899,0.1651705950498581,0.8197394013404846,95,354,0.9707745909690857,0.20073026418685913,0.8541083335876465,115,368,0.9855188131332397,66.59926599831002,28.993962944563744,44.02446775362199,10.037564340808242,att.nXrNYYeXccY1CjGf8wIrAGL2rfO34ZMoiBrTx6Cqm7E.JPG,data\train_images\normal\att.nXrNYYeXccY1CjGf8wIrAGL2rfO34ZMoiBrTx6Cqm7E.JPG,normal
0.5110383629798889,0.48685353994369507,383,243,0.9998805522918701,0.6776790618896484,0.6371787786483765,508,318,0.9997873902320862,0.554104208946228,0.6380653977394104,415,319,0.9997907280921936,0.6975387930870056,1.049186110496521,523,524,0.6037548184394836,0.5875109434127808,1.0536832809448242,440,526,0.7263125777244568,-34.81701160681184,179.58892396714785,177.65945128144878,-3.6825123846731223,att.NZZz0eVDvjvqUz7Uj2SyLXaXTvnf4FILE2crCGWUqjg.JPG,data\train_images\normal\att.NZZz0eVDvjvqUz7Uj2SyLXaXTvnf4FILE2crCGWUqjg.JPG,normal
0.553568959236145,0.3941623568534851,318,140,0.9784671068191528,0.46364519000053406,0.38814011216163635,267,138,0.9897312521934509,0.3812323212623596,0.46121323108673096,219,164,0.9418808221817017,0.2719746530056,0.6564174294471741,156,234,0.9866669774055481,0.2402684986591339,0.690412163734436,138,246,0.9886647462844849,76.9002650634552,138.4375189116979,133.0050045189633,33.768417534147055,att.O3otpxBlYcXKCfotqzDXBSkzlAZqqbFO_8w66SNX4MU.JPG,data\train_images\normal\att.O3otpxBlYcXKCfotqzDXBSkzlAZqqbFO_8w66SNX4MU.JPG,normal
0.43206116557121277,0.2800140380859375,259,126,0.9944576025009155,0.41100460290908813,0.4440669119358063,246,199,0.9953580498695374,0.19762232899665833,0.4328295588493347,118,194,0.9945690631866455,0.31288790702819824,0.8186371922492981,187,368,0.9934925436973572,0.19677269458770752,0.8286766409873962,118,372,0.9927495718002319,38.879716023350575,-176.9854165368401,175.05843314952085,7.320017426643797,att.OaJ6YlLxaQbgPv52Xbs1uv-ZIiKIS_2T2wZFnlOzlLk.JPG,data\train_images\normal\att.OaJ6YlLxaQbgPv52Xbs1uv-ZIiKIS_2T2wZFnlOzlLk.JPG,normal
0.7923510670661926,0.4985586702823639,396,166,0.9955173134803772,0.8345497846603394,0.5661879777908325,417,189,0.9986567497253418,0.543637752532959,0.5023876428604126,271,167,0.9863184690475464,0.43677741289138794,0.6589231491088867,218,220,0.9995492100715637,0.37352854013442993,0.5512815117835999,186,184,0.9995299577713013,70.91333193607545,-167.63021751033975,-120.4379595064956,75.9961759026424,att.OIs45X2e_wUZaiRohwFOK1x8TABVWHY2sH3wrFLiHHg.JPG,data\train_images\normal\att.OIs45X2e_wUZaiRohwFOK1x8TABVWHY2sH3wrFLiHHg.JPG,normal
0.45416176319122314,0.3045918643474579,234,117,0.9997352957725525,0.5884937047958374,0.35428959131240845,303,137,0.9999678134918213,0.5098820328712463,0.4099963307380676,263,158,0.9913873076438904,0.6310303211212158,0.7579047083854675,325,293,0.9993535876274109,0.5682292580604553,0.7427266240119934,293,287,0.9972847700119019,-50.782009985670754,144.67739646300083,-166.41300819232987,-7.801303548010166,att.Ojjw_8800LnX4zvpretnYxObiiXcu2GkwGl3i_30Va8.JPG,data\train_images\normal\att.Ojjw_8800LnX4zvpretnYxObiiXcu2GkwGl3i_30Va8.JPG,normal
0.24798539280891418,0.29091864824295044,95,150,0.9999186992645264,0.25461873412132263,0.33925020694732666,98,175,0.9997497200965881,0.17345082759857178,0.3630921244621277,67,187,0.999160885810852,0.2643256187438965,0.513595461845398,102,265,0.9960786700248718,0.22367402911186218,0.5266260504722595,86,271,0.9901663064956665,29.400045597801196,163.6305996616334,162.2271032825342,-10.058023182555516,att.omNVjxA5cmohCTqLeDKuPshAIIFrlC19OLH8IuSy-Io.JPG,data\train_images\normal\att.omNVjxA5cmohCTqLeDKuPshAIIFrlC19OLH8IuSy-Io.JPG,normal
0.5479451417922974,0.34328871965408325,464,181,0.9987967014312744,0.42054057121276855,0.4164690375328064,356,220,0.9995688796043396,0.28698277473449707,0.4930873215198517,243,260,0.9941889047622681,0.261418879032135,0.9234946966171265,221,488,0.8609338402748108,0.15676267445087433,1.001064419746399,132,529,0.8266184329986572,60.137929202250675,150.15834091374103,143.4546719244772,15.910997963677323,att.PotC9Lvn0iYs7X37z0Eb-WS-m5USzR5nc71zeE3mTfg.JPG,data\train_images\normal\att.PotC9Lvn0iYs7X37z0Eb-WS-m5USzR5nc71zeE3mTfg.JPG,normal
0.790749192237854,0.20648223161697388,395,68,0.9913555979728699,0.7139626741409302,0.3771990239620209,356,125,0.9889116287231445,0.5058361291885376,0.27825912833213806,252,92,0.9029653072357178,0.38961440324783325,0.6666222810745239,194,221,0.9292556047439575,0.27870550751686096,0.5959264039993286,139,198,0.9124570488929749,56.16097542488915,-154.57436329670568,-147.48562786588556,42.251896633105545,att.QGnoReILLR_00rVz3y8xeAhERW8so59nxDxt1tYvH1Q.JPG,data\train_images\normal\att.QGnoReILLR_00rVz3y8xeAhERW8so59nxDxt1tYvH1Q.JPG,normal
0.5850288271903992,0.36004334688186646,377,154,0.9997498393058777,0.5263180136680603,0.37118732929229736,339,159,0.9998394250869751,0.488602876663208,0.3532508611679077,315,151,0.999947190284729,0.46700355410575867,0.5644935965538025,301,242,0.9997778534889221,0.4354632794857025,0.5824654698371887,280,250,0.9996404647827148,88.39330772961074,-154.56529386924117,150.32520135182077,14.903792044435376,att.QiDujXaVSTsh0u_lgcl5GdZf5i0m9y256yJGO64bm0c.JPG,data\train_images\normal\att.QiDujXaVSTsh0u_lgcl5GdZf5i0m9y256yJGO64bm0c.JPG,normal
0.7304743528366089,0.40138882398605347,876,321,0.730896532535553,0.9607227444648743,0.49279358983039856,1152,394,0.9763888716697693,0.8259075284004211,0.49351778626441956,991,394,0.9745259284973145,0.9636322855949402,1.008309245109558,1156,806,0.8711501359939575,0.8644472360610962,0.9785401821136475,1037,782,0.8789473176002502,-60.59711633721629,179.69222316800784,-163.29357595304882,-2.3722334573813395,att.QPawPH6CtLmBVheIxszaJFTAISqfWibg0gF6jejrwP8.JPG,data\train_images\normal\att.QPawPH6CtLmBVheIxszaJFTAISqfWibg0gF6jejrwP8.JPG,normal
0.7309460639953613,0.21844826638698578,399,79,0.9999010562896729,0.7722266912460327,0.3124374747276306,422,114,0.9991222023963928,0.70169597864151,0.28616568446159363,383,104,0.9998874664306641,0.7343679070472717,0.5376922488212585,401,196,0.9979775547981262,0.6923996210098267,0.5403936505317688,378,197,0.9982942938804626,-4.254814717773862,-159.570279832339,176.31708365513788,5.616740906933613,att.RndRb0uPY0oHAUeIZ3UkbyWvwuP5wD-wZ7gCoeyZxqQ.JPG,data\train_images\normal\att.RndRb0uPY0oHAUeIZ3UkbyWvwuP5wD-wZ7gCoeyZxqQ.JPG,normal
0.7781468033790588,0.29296931624412537,505,140,0.9999500513076782,0.8255671858787537,0.4116860330104828,536,197,0.9994445443153381,0.7424989342689514,0.39311450719833374,482,188,0.9992409944534302,0.7991559505462646,0.7159069776535034,519,343,0.997815728187561,0.7433608770370483,0.6961575150489807,483,334,0.9951668977737427,-3.078954824067751,-167.3976537038607,-160.50785602386512,2.4091728213292245,att.rSg_Iv6z97-ntytJfBgbWAddn-cLwfzA2vBtI19Z1tA.JPG,data\train_images\normal\att.rSg_Iv6z97-ntytJfBgbWAddn-cLwfzA2vBtI19Z1tA.JPG,normal
0.36520805954933167,0.41650497913360596,210,134,0.9965612292289734,0.30385980010032654,0.5625306367874146,175,182,0.9921588897705078,0.2618883550167084,0.5840549468994141,150,189,0.9923785924911499,0.2708527147769928,0.8959639072418213,156,290,0.9889307618141174,0.22657044231891632,0.9090709686279297,130,294,0.9955449104309082,27.705310955161494,152.84978639012834,163.5118307223179,5.92418205393526,att.rvhiuapnTXG4072taDJ_WTETsclUw-nMV96G8_utkyY.JPG,data\train_images\normal\att.rvhiuapnTXG4072taDJ_WTETsclUw-nMV96G8_utkyY.JPG,normal
0.5551960468292236,0.5043642520904541,319,193,0.9990121126174927,0.5484275817871094,0.47091594338417053,315,180,0.9998537302017212,0.38250550627708435,0.5384101867675781,220,206,0.98117595911026,0.4308111071586609,0.7345650792121887,248,282,0.9987080097198486,0.34055203199386597,0.803950309753418,196,308,0.9982603192329407,89.80919698531861,157.86435471709376,142.44928983491695,16.779983205939985,att.s2LcCJ0ISC2i06CJHjhoqHxNG_VpHNcM3VdXcDKFyvI.JPG,data\train_images\normal\att.s2LcCJ0ISC2i06CJHjhoqHxNG_VpHNcM3VdXcDKFyvI.JPG,normal
0.4333917498588562,0.20619967579841614,346,109,0.9996792078018188,0.39026936888694763,0.3444012403488159,312,183,0.99969482421875,0.32838934659957886,0.36316394805908203,262,193,0.9995788931846619,0.42176592350006104,0.6892719268798828,337,367,0.989686906337738,0.37914639711380005,0.7195027470588684,303,383,0.9881761074066162,26.64913630424653,163.13211565757103,144.6512154549601,-6.690362119425196,att.t5nCezQr9dtvmN6YZLkZfDV9UrXjDj1288KQnsgadDc.JPG,data\train_images\normal\att.t5nCezQr9dtvmN6YZLkZfDV9UrXjDj1288KQnsgadDc.JPG,normal
0.5163620710372925,0.36279600858688354,129,70,0.999985933303833,0.6462332010269165,0.36782076954841614,161,71,0.9999396800994873,0.3462914824485779,0.3699628710746765,86,72,0.9996036887168884,0.5538709759712219,0.6522065997123718,138,127,0.9949513673782349,0.39793896675109863,0.6496496796607971,99,126,0.993420422077179,73.12858802171844,179.59081620673635,-179.0605674881788,4.128447369218529,att.ucHgg3C9eG_30NTOV7Uk_0x7KwNIK9BQiIuo2Lv-_QQ.JPG,data\train_images\normal\att.ucHgg3C9eG_30NTOV7Uk_0x7KwNIK9BQiIuo2Lv-_QQ.JPG,normal
0.6075636744499207,0.18250316381454468,349,59,0.9993150234222412,0.6922121047973633,0.35706788301467896,398,115,0.9989122152328491,0.6760379672050476,0.3360152840614319,389,108,0.9989408850669861,0.7073063850402832,0.8627416491508484,407,279,0.9951543807983398,0.6723904013633728,0.805090069770813,387,260,0.9958571791648865,-25.019790006050354,-127.53409011997196,-121.20068796370113,-0.6728076463623212,att.uDuxxmLLzqL7P7fbj7GH_MzEd7MMDn8fX25cMMWJc1Q.JPG,data\train_images\normal\att.uDuxxmLLzqL7P7fbj7GH_MzEd7MMDn8fX25cMMWJc1Q.JPG,normal
0.5506476163864136,0.34898442029953003,660,279,0.998724639415741,0.7145368456840515,0.47532913088798523,857,380,0.9991418123245239,0.705938458442688,0.39095842838287354,847,312,0.9993064403533936,0.8970428705215454,0.7745770215988159,1076,619,0.9978448152542114,0.894563615322113,0.7023667097091675,1073,561,0.9968845248222351,-62.19520233090785,-95.81903749992307,-91.96641003167667,-31.289477446103646,att.v-nW9zA3erVlWfyUn_tyes2qHVeJLZ70wa__pMdLW1g.JPG,data\train_images\normal\att.v-nW9zA3erVlWfyUn_tyes2qHVeJLZ70wa__pMdLW1g.JPG,normal
0.35093605518341064,0.4013000726699829,192,146,0.9991788268089294,0.3691475987434387,0.6013941764831543,202,218,0.9965077042579651,0.12109027802944183,0.5431443452835083,66,197,0.9992693066596985,0.3435510993003845,1.1975797414779663,188,435,0.011106792837381363,0.1404099017381668,1.2023166418075562,77,437,0.018457746133208275,31.754403579416877,-166.78500135046656,178.66420388931093,0.28648045478047407,att.v1n-oukgZ39v6pMn1Nq4LD59DPnAEFN6FU5Eyh_b_CI.JPG,data\train_images\normal\att.v1n-oukgZ39v6pMn1Nq4LD59DPnAEFN6FU5Eyh_b_CI.JPG,normal
0.29287272691726685,0.2612590193748474,188,126,0.9995392560958862,0.30196380615234375,0.36682626605033875,194,177,0.9998534917831421,0.15839464962482452,0.42010894417762756,102,203,0.9992617964744568,0.28176480531692505,0.6814879179000854,181,329,0.995926022529602,0.2009742707014084,0.7225075364112854,129,349,0.9890097975730896,25.37037434495245,159.63864933719273,153.081818373729,-2.077193022066242,att.WDC-jcNqar9EtMvlWFopmQr8qs1LiL35uYvR3VmaOPE.JPG,data\train_images\normal\att.WDC-jcNqar9EtMvlWFopmQr8qs1LiL35uYvR3VmaOPE.JPG,normal
0.4089629054069519,0.211934894323349,613,317,0.9996706247329712,0.32770705223083496,0.31657978892326355,491,474,0.9993304014205933,0.31618133187294006,0.31057485938072205,474,465,0.9999428987503052,0.3374522626399994,0.5643815398216248,506,846,0.9936231970787048,0.3334895968437195,0.5772738456726074,500,865,0.9981966614723206,40.56768725398876,-152.48037194582838,107.085686133916,-3.009954414873458,att.XnhDJo4_279YiFyCoN7pALKoLWywbJTSZvia8qtU5DI.JPG,data\train_images\normal\att.XnhDJo4_279YiFyCoN7pALKoLWywbJTSZvia8qtU5DI.JPG,normal
0.539939284324646,0.14287665486335754,552,146,0.999985933303833,0.5978475213050842,0.26992306113243103,612,276,0.9991098046302795,0.596190869808197,0.25319623947143555,610,259,0.9990962743759155,0.6341617703437805,0.5552297234535217,649,568,0.9951727986335754,0.6026829481124878,0.5409302711486816,617,553,0.99693763256073,-25.684963062255562,-95.65622047921607,-155.56977870209883,-4.272079002225753,att.yIT8EQs5R0ZW-VQ222bWrxNQxBVKibiWYqeZlR3GEYY.JPG,data\train_images\normal\att.yIT8EQs5R0ZW-VQ222bWrxNQxBVKibiWYqeZlR3GEYY.JPG,normal
0.5611531138420105,0.365115761756897,240,118,0.999991774559021,0.6081068515777588,0.43165168166160583,260,139,0.999996542930603,0.2859373092651367,0.4406493008136749,122,142,0.9999873638153076,0.5589637756347656,0.8938124179840088,239,289,0.7206860184669495,0.36147040128707886,0.9203245639801025,154,298,0.6449287533760071,58.10201983107972,178.40024718664586,172.3541408422769,-1.6049938910118147,att.YKhVH6AVGpcgacspWEiRUHtQromaIviFuVrmu1YW9qA.JPG,data\train_images\normal\att.YKhVH6AVGpcgacspWEiRUHtQromaIviFuVrmu1YW9qA.JPG,normal
0.3023682236671448,0.13015824556350708,241,69,0.9998428821563721,0.28256702423095703,0.25204288959503174,226,134,0.9995669722557068,0.2553435266017914,0.26081714034080505,204,139,0.9998956918716431,0.34353402256965637,0.5330953001976013,274,284,0.9938234090805054,0.3139810562133789,0.5530799031257629,251,295,0.9947346448898315,14.821420282377089,162.13564490264028,145.93226215914774,-11.783983286569727,att.ZjOYi5nQlC9NsEvsCUt5shI3F-Cuk8AX7jfrpK8wpsM.JPG,data\train_images\normal\att.ZjOYi5nQlC9NsEvsCUt5shI3F-Cuk8AX7jfrpK8wpsM.JPG,normal
0.559672474861145,0.20472919940948486,306,74,0.9999867677688599,0.5834172964096069,0.2972002327442169,319,108,0.9985377788543701,0.4801911413669586,0.3008476495742798,262,109,0.9981659054756165,0.5725196003913879,0.5220390558242798,313,190,0.9993187189102173,0.5089113712310791,0.523276150226593,278,190,0.9995469450950623,16.46473461980147,177.9763395839724,178.885814709052,-2.2818926289871544,att._9H_F26a_HqtcGwFIAQb22aSRFgnBc2D8F3DHhIWHhA.JPG,data\train_images\normal\att._9H_F26a_HqtcGwFIAQb22aSRFgnBc2D8F3DHhIWHhA.JPG,normal
0.6156564354896545,0.19500821828842163,365,65,0.999786913394928,0.6854805946350098,0.348907470703125,407,116,0.9998830556869507,0.6418828368186951,0.2942984998226166,381,98,0.9996860027313232,0.6202495098114014,0.6411861181259155,368,214,0.998867392539978,0.5983721017837524,0.5938209295272827,355,198,0.9982308745384216,-20.77485634244712,-128.6025562169227,-114.7916443100866,10.411800560982703,att._Zot-4jwVuLMvrC3HogJmQD9BqsVsq1bOtHan4NGu0A.JPG,data\train_images\normal\att._Zot-4jwVuLMvrC3HogJmQD9BqsVsq1bOtHan4NGu0A.JPG,normal
0.4077293276786804,0.22376173734664917,234,72,0.9954114556312561,0.3188341557979584,0.4613085687160492,183,149,0.9964585900306702,0.29480090737342834,0.5197557210922241,169,168,0.9981039762496948,0.3450832664966583,0.9262471795082092,198,300,0.8754571080207825,0.32045361399650574,0.968023955821991,184,313,0.9508669376373291,20.720230834222512,112.35227984019053,120.52163232886737,-3.252887738961527,att.__zYW5ihOGiuIN1qdmakaihSME3XvB6vgkt_1ZA2VZc.JPG,data\train_images\normal\att.__zYW5ihOGiuIN1qdmakaihSME3XvB6vgkt_1ZA2VZc.JPG,normal
0.7428897619247437,0.5656977295875549,407,205,0.9995488524436951,0.8315204381942749,0.6770358085632324,455,246,0.9993295669555664,0.8354396224021912,0.6774289608001709,457,246,0.9984803795814514,0.8304080367088318,1.1039249897003174,455,401,0.14350071549415588,0.8245754241943359,1.094955325126648,451,398,0.16363804042339325,-39.084067473037024,5.728451534814516,-123.03433159728378,0.8125887907091863,IMG_7952.JPG,data\train_images\normal\IMG_7952.JPG,normal
0.30357179045677185,0.33583685755729675,242,268,0.9999493360519409,0.16950635612010956,0.507552981376648,135,406,0.9998261332511902,0.21554918587207794,0.5472763776779175,172,437,0.9999223947525024,0.21427181363105774,0.8667706251144409,171,693,0.996396005153656,0.23681730031967163,0.9270442724227905,189,741,0.9975938200950623,30.097815240901888,40.78594320630284,69.49158249620666,-5.106220463272688,IMG_7953.JPG,data\train_images\normal\IMG_7953.JPG,normal
0.5857833027839661,0.36012381315231323,377,154,0.9998817443847656,0.5278902649879456,0.3723093867301941,340,160,0.9998669624328613,0.49180105328559875,0.35081830620765686,317,150,0.9999760389328003,0.4636545181274414,0.5667283535003662,299,243,0.9997664093971252,0.43147507309913635,0.5814098715782166,278,250,0.9996707439422607,88.91360938556558,-149.22625431349516,155.47567839881066,16.334761024900338,IMG_7956.JPG,data\train_images\normal\IMG_7956.JPG,normal
0.44043564796447754,0.2705758213996887,528,216,0.9987244009971619,0.3866267204284668,0.3535510003566742,463,282,0.9994450211524963,0.3577596843242645,0.3691486716270447,429,295,0.9995749592781067,0.41987133026123047,0.5992394089698792,503,479,0.9987842440605164,0.40623894333839417,0.6258125901222229,487,500,0.9950425624847412,36.93525717637578,151.61640031731153,117.1584124832646,-9.240066348494175,IMG_7957.JPG,data\train_images\normal\IMG_7957.JPG,normal
0.45604461431503296,0.3001609444618225,249,109,0.9990979433059692,0.39253488183021545,0.36173832416534424,214,132,0.9982878565788269,0.36004331707954407,0.3308074474334717,196,120,0.9995452761650085,0.29070043563842773,0.5798407196998596,159,211,0.998755931854248,0.2678145468235016,0.578061580657959,146,210,0.9993197917938232,59.96495121509068,-136.40963973694576,-175.55479142019726,22.637137381661283,IMG_7958.JPG,data\train_images\normal\IMG_7958.JPG,normal
0.44816890358924866,0.42157989740371704,371,616,0.9999171495437622,0.6752214431762695,0.4744599163532257,559,693,0.9997453093528748,0.4968811869621277,0.46840208768844604,411,684,0.9997109770774841,0.71780925989151,0.6670475602149963,594,975,0.9968945980072021,0.6072272062301636,0.6563118100166321,502,959,0.9980944991111755,-70.12264648732582,-178.05453561790083,-174.4548733871276,-21.896742976205406,IMG_7959.JPG,data\train_images\normal\IMG_7959.JPG,normal
0.3016775846481323,0.13455072045326233,241,71,0.99993896484375,0.28395020961761475,0.2532365322113037,227,135,0.9995424747467041,0.2459443211555481,0.24419134855270386,196,130,0.9999411106109619,0.34394755959510803,0.5514885187149048,275,294,0.9936845898628235,0.3218309283256531,0.5602250099182129,257,299,0.9948780536651611,17.83480762497149,-166.6129770908404,158.44503472744907,-12.473335993191283,IMG_7965.JPG,data\train_images\normal\IMG_7965.JPG,normal
0.7155029773712158,0.17839521169662476,858,142,0.9975086450576782,0.7691022753715515,0.27363866567611694,922,218,0.9999706745147705,0.7481176853179932,0.28350603580474854,897,226,0.9958005547523499,0.6539430618286133,0.5448887944221497,784,435,0.999656081199646,0.6427304744720459,0.5277732014656067,771,422,0.9970126152038574,-23.282586154784372,154.81616045139216,-123.22918846949057,23.16200245020347,IMG_7966.JPG,data\train_images\normal\IMG_7966.JPG,normal
0.27814385294914246,0.3567619025707245,278,200,0.9995861649513245,0.2564360797405243,0.43930840492248535,256,246,0.9996496438980103,0.23110763728618622,0.4400368332862854,231,247,0.9988138675689697,0.239595428109169,0.6471073031425476,239,363,0.9979420304298401,0.22235426306724548,0.6626932621002197,222,372,0.9953666925430298,22.517251699574327,178.35266735567848,137.8865177347227,3.4026881711081107,IMG_7967.JPG,data\train_images\normal\IMG_7967.JPG,normal
0.8023104667663574,0.34202516078948975,641,202,0.9999765157699585,0.8588089942932129,0.42562049627304077,687,251,0.9998589754104614,0.8315167427062988,0.40001851320266724,665,236,0.9999419450759888,0.8539353013038635,0.6188263297080994,683,366,0.9998425245285034,0.8442153334617615,0.5903116464614868,675,349,0.99985671043396,-31.18686626081205,-136.83029980768464,-108.8230054528164,-1.1688986271090192,IMG_7968.JPG,data\train_images\normal\IMG_7968.JPG,normal
0.6913148760795593,0.20103099942207336,553,167,0.9999178647994995,0.7983106374740601,0.3082977831363678,638,256,0.9998893737792969,0.7201254367828369,0.29781877994537354,576,248,0.9994271993637085,0.7588521838188171,0.5534523725509644,607,461,0.9996786117553711,0.711635947227478,0.5237100720405579,569,436,0.9993496537208557,-33.645323883827395,-172.36625602847815,-147.79248509849307,5.81214106605353,IMG_7969.JPG,data\train_images\normal\IMG_7969.JPG,normal
0.15339024364948273,0.2938137352466583,122,235,0.9912469983100891,0.09209783375263214,0.3807344138622284,73,304,0.9981842637062073,0.09322735667228699,0.3783317804336548,74,302,0.9983274340629578,0.09423180669546127,0.5835522413253784,75,466,0.9951139092445374,0.09465742111206055,0.59630286693573,75,477,0.9893792271614075,35.31556046265311,-64.82090493642627,88.08818331717374,-0.48527755922016225,IMG_7970.JPG,data\train_images\normal\IMG_7970.JPG,normal
0.8094872832298279,0.29589059948921204,485,131,0.9997764229774475,0.8766584396362305,0.38368141651153564,525,170,0.9984056353569031,0.8348146080970764,0.3928479552268982,500,174,0.9986591339111328,0.8788142800331116,0.6187690496444702,527,275,0.9992138147354126,0.8437061309814453,0.5996474623680115,506,266,0.9994246959686279,-26.595905642524766,167.64366406147502,-151.42516258252806,-1.432120127338199,IMG_7972.JPG,data\train_images\normal\IMG_7972.JPG,normal
0.624078631401062,0.15999585390090942,1597,273,0.9994441866874695,0.6476064324378967,0.34037402272224426,1657,581,0.999427080154419,0.6769447922706604,0.32110369205474854,1732,548,0.9997357726097107,0.5104650259017944,0.7397804260253906,1306,1262,0.9993207454681396,0.5269417762756348,0.6998476982116699,1348,1194,0.9991028308868408,-12.61003434263263,-33.29813139349711,-67.5783348014002,20.25450937113511,IMG_7974.JPG,data\train_images\normal\IMG_7974.JPG,normal
0.5006407499313354,0.1944558322429657,300,77,0.9997398257255554,0.4479045569896698,0.25727924704551697,268,102,0.9997542500495911,0.4196465313434601,0.2672184705734253,251,106,0.9998985528945923,0.4365314245223999,0.48173391819000244,261,192,0.9992486834526062,0.4171532988548279,0.4925144910812378,250,197,0.9982837438583374,44.60522744185725,160.62164622539686,150.91163477445482,1.7659396888884034,IMG_7976.JPG,data\train_images\normal\IMG_7976.JPG,normal
0.7586607336997986,0.18186603486537933,455,81,0.9998937845230103,0.8290916085243225,0.29647117853164673,497,132,0.9994794726371765,0.8013782501220703,0.2936584949493408,480,131,0.9986751675605774,0.8087769150733948,0.562705934047699,485,251,0.998377799987793,0.7833239436149597,0.5473907589912415,469,244,0.9989362359046936,-26.554844095591044,-174.2047817159964,-148.9644756119152,4.220276472469961,IMG_7977.JPG,data\train_images\normal\IMG_7977.JPG,normal
0.3763398826122284,0.17065660655498505,150,64,0.9991542100906372,0.3155265748500824,0.2835462987422943,126,107,0.9959288239479065,0.2404746115207672,0.28792402148246765,96,109,0.999157190322876,0.3065616488456726,0.628442108631134,122,238,0.9849158525466919,0.2866402268409729,0.6452896595001221,114,244,0.9929176568984985,40.51523128548327,176.66176413610498,139.77879165213534,-3.0322783109460474,IMG_7990.JPG,data\train_images\normal\IMG_7990.JPG,normal
0.6093271374702454,0.1861467957496643,365,62,0.9994643330574036,0.6889752149581909,0.3678343892097473,413,123,0.9987629652023315,0.6881933212280273,0.32824188470840454,412,110,0.9986944794654846,0.7030707597732544,0.8516221046447754,421,286,0.9986169338226318,0.6722825169563293,0.7887020111083984,403,265,0.9982237219810486,-26.08497974322382,-91.13136030997649,-116.07356202697257,0.11014754056106879,IMG_7992.JPG,data\train_images\normal\IMG_7992.JPG,normal
0.5069682598114014,0.21674510836601257,226,96,0.9996711015701294,0.6381773352622986,0.29147109389305115,285,130,0.9999526739120483,0.5704745650291443,0.2797154188156128,255,125,0.9998821020126343,0.6485333442687988,0.5236659646034241,289,234,0.9998873472213745,0.6022534370422363,0.5090780854225159,269,227,0.9998831748962402,-54.73330933504392,-170.1495709050893,-162.5046390232301,-5.215986772716388,IMG_7993.JPG,data\train_images\normal\IMG_7993.JPG,normal
0.42219337821006775,0.2817136347293854,211,140,0.9999896287918091,0.37101951241493225,0.35875722765922546,185,179,0.9987404942512512,0.33699852228164673,0.3729209303855896,168,186,0.9999598264694214,0.36623257398605347,0.579533576965332,183,289,0.9994447827339172,0.33794596791267395,0.5980702042579651,168,299,0.999546468257904,39.025049638181265,157.39694069332964,146.76258743530667,0.4933138742469829,IMG_7994.JPG,data\train_images\normal\IMG_7994.JPG,normal
0.4398435056209564,0.10520422458648682,263,59,0.999843955039978,0.4299142360687256,0.18970806896686554,257,107,0.9995980858802795,0.2955321669578552,0.16616660356521606,177,94,0.9998723268508911,0.3970961272716522,0.4448499381542206,238,253,0.998784601688385,0.30529460310935974,0.4583168029785156,183,260,0.9987713694572449,46.67694428911423,-170.06357653614927,171.6544946432257,2.412262486003412,IMG_7995.JPG,data\train_images\normal\IMG_7995.JPG,normal
0.6339683532714844,0.28261473774909973,351,156,0.998586893081665,0.6943607926368713,0.38327541947364807,384,212,0.9999269247055054,0.7282946705818176,0.38364002108573914,403,212,0.9985103011131287,0.6006970405578613,0.6201168894767761,332,343,0.9994823932647705,0.6485910415649414,0.6219418048858643,359,344,0.9959521293640137,-37.49278855062971,0.6155892287951656,2.1820977739205802,20.045707239785155,IMG_7996.JPG,data\train_images\normal\IMG_7996.JPG,normal
0.8085708618164062,0.1354978084564209,582,51,0.9999957084655762,0.8575751185417175,0.2272816002368927,617,85,0.9999914169311523,0.7727635502815247,0.24544638395309448,556,92,0.9998164772987366,0.802350640296936,0.5099910497665405,577,192,0.99986732006073,0.7560594081878662,0.4991351068019867,544,188,0.9997501969337463,-3.7428470617750667,167.91113615526433,-166.80183898558337,7.6375493488127315,IMG_8011.JPG,data\train_images\normal\IMG_8011.JPG,normal
0.4065094590187073,0.22283673286437988,216,83,0.9944954514503479,0.31652799248695374,0.38059893250465393,168,142,0.9982132911682129,0.3004212975502014,0.43886223435401917,160,164,0.9956036806106567,0.3434545695781708,0.7040648460388184,183,264,0.9895630478858948,0.3186294436454773,0.7391854524612427,169,277,0.991508960723877,27.67917150935152,105.4532823343759,125.2547164672065,-4.138466374846186,IMG_8012.JPG,data\train_images\normal\IMG_8012.JPG,normal
0.8512089252471924,0.1946294903755188,766,116,0.9936493039131165,0.876621425151825,0.25071197748184204,788,150,0.9987509250640869,0.8504485487937927,0.2679902911186218,765,160,0.9922807812690735,0.8631552457809448,0.46090638637542725,776,276,0.9949979782104492,0.8482946753501892,0.45903560519218445,763,275,0.993320882320404,-10.782699988107442,146.5687615269137,-172.82484126467216,2.2293690148513265,IMG_8013.JPG,data\train_images\normal\IMG_8013.JPG,normal
0.4206313490867615,0.18181902170181274,269,87,0.9965493679046631,0.30689045786857605,0.43415015935897827,196,208,0.9964721202850342,0.3261198103427887,0.4970494508743286,208,238,0.998461127281189,0.3217395544052124,0.9689489006996155,205,465,0.8479554653167725,0.2932230532169342,0.9778594374656677,187,469,0.8880808353424072,20.149340900117114,73.0007420679215,162.6475676121219,1.0180554068999654,IMG_8014.JPG,data\train_images\normal\IMG_8014.JPG,normal
0.707644522190094,0.2823415994644165,905,240,0.9999203681945801,0.839835524559021,0.5144842863082886,1074,438,0.9991870522499084,0.7556009888648987,0.48091351985931396,967,410,0.9991188645362854,0.8459981679916382,1.053270697593689,1082,898,0.7564639449119568,0.7676141262054443,0.9720171093940735,982,829,0.8384549617767334,-22.697242715492838,-158.27077884409894,-133.97019772838843,-1.0110666467289273,IMG_8015.JPG,data\train_images\normal\IMG_8015.JPG,normal
0.29144397377967834,0.26104027032852173,187,126,0.9997687935829163,0.30102211236953735,0.3687751591205597,194,178,0.9999152421951294,0.16168266534805298,0.42102476954460144,104,203,0.9996024966239929,0.27534735202789307,0.6987566947937012,177,338,0.9982591271400452,0.20026692748069763,0.7399894595146179,129,358,0.9965060949325562,24.176012989847784,159.44492172376414,151.22523282433608,-1.1396359098089015,IMG_8016.JPG,data\train_images\normal\IMG_8016.JPG,normal
0.6917555332183838,0.4664658308029175,282,285,0.9999904632568359,0.8119059801101685,0.5703323483467102,331,349,0.9999221563339233,0.6693212389945984,0.5533766150474548,273,338,0.9992621541023254,0.7120903730392456,0.833387553691864,290,510,0.9993370175361633,0.6201805472373962,0.7946376800537109,253,486,0.9987555742263794,-27.121529257653872,-173.21841135874192,-157.1393460772918,16.455183554774475,istockphoto-1006273822-612x612.jpg,data\train_images\normal\istockphoto-1006273822-612x612.jpg,normal
0.5139789581298828,0.387795627117157,209,237,0.9878464341163635,0.7097954154014587,0.4679972231388092,289,286,0.9985730648040771,0.45803168416023254,0.44965308904647827,186,275,0.9701138138771057,0.6285550594329834,0.691118061542511,256,422,0.9933335185050964,0.4718795120716095,0.6771688461303711,192,414,0.9699013829231262,-44.554964585275975,-175.83265077050896,-174.91222853074936,8.505526462012357,istockphoto-1077103728-612x612.jpg,data\train_images\normal\istockphoto-1077103728-612x612.jpg,normal
0.4192560315132141,0.38766181468963623,256,158,0.9999358654022217,0.5235669016838074,0.49594324827194214,320,202,0.9990880489349365,0.4489728510379791,0.4498836398124695,274,183,0.9995842576026917,0.4854429066181183,0.7070352435112,297,288,0.9992971420288086,0.44159504771232605,0.664222776889801,270,271,0.9992411136627197,-38.16986597858899,-148.3059031174742,-135.68452068633312,6.104837008992278,istockphoto-1131601566-612x612.jpg,data\train_images\normal\istockphoto-1131601566-612x612.jpg,normal
0.7034108638763428,0.38531532883644104,430,157,0.9999983310699463,0.7861672043800354,0.4938817024230957,481,201,0.9999561309814453,0.6820838451385498,0.46726852655410767,417,190,0.9998747110366821,0.7268402576446533,0.7326251268386841,444,298,0.9997202754020691,0.6769595146179199,0.6811798214912415,414,277,0.9997023940086365,-17.870904687003197,-165.65728138090262,-134.11537362808724,8.103594193646018,istockphoto-1131601575-612x612.jpg,data\train_images\normal\istockphoto-1131601575-612x612.jpg,normal
0.6355061531066895,0.3122873306274414,388,127,0.9999682903289795,0.8030655980110168,0.4652441442012787,491,189,0.9997875094413757,0.6243870258331299,0.42162078619003296,382,172,0.9996731281280518,0.7351781129837036,0.825213611125946,449,336,0.9958414435386658,0.6404252648353577,0.796657383441925,391,325,0.9956568479537964,-30.813526239242325,-166.27995925903463,-163.22845753796645,4.035109428369267,istockphoto-1160874384-612x612.jpg,data\train_images\normal\istockphoto-1160874384-612x612.jpg,normal
0.6224181652069092,0.3855453431606293,380,157,0.9999063014984131,0.8233398199081421,0.5403456091880798,503,220,0.9996950626373291,0.6585257649421692,0.4996047914028168,403,203,0.9998465776443481,0.8173723220825195,0.9641087651252747,500,393,0.864905059337616,0.6903787851333618,0.9452547430992126,422,385,0.9127790331840515,-41.39970401769128,-166.1152455372475,-171.5552998297455,-1.7053954605708355,istockphoto-1173002762-612x612.jpg,data\train_images\normal\istockphoto-1173002762-612x612.jpg,normal
0.6506585478782654,0.3612322211265564,398,147,0.9998733997344971,0.8518801331520081,0.5087437629699707,521,207,0.9996752738952637,0.665182888507843,0.4858214557170868,407,198,0.999887228012085,0.84836745262146,0.9497473239898682,519,387,0.8618903160095215,0.7221924066543579,0.9371504187583923,441,382,0.9093082547187805,-38.410539552393196,-173.0003724607082,-174.29866851839424,-3.430871988815238,istockphoto-1173004054-612x612.jpg,data\train_images\normal\istockphoto-1173004054-612x612.jpg,normal
0.6816761493682861,0.31345129013061523,417,127,0.998906135559082,0.8496800661087036,0.5873960256576538,520,239,0.9881999492645264,0.8246116638183594,0.47158172726631165,504,192,0.9983763694763184,0.880777895450592,1.2925350666046143,539,527,0.4239898920059204,0.8105002641677856,1.1898401975631714,496,485,0.66556715965271,-35.74037518492983,-102.21345250478592,-124.38517862214964,-0.6837194284459119,istockphoto-1174159613-612x612.jpg,data\train_images\normal\istockphoto-1174159613-612x612.jpg,normal
0.6630555391311646,0.4077373445034027,405,166,0.9999943971633911,0.8535962104797363,0.5680376887321472,522,231,0.9995200634002686,0.6454826593399048,0.5492705702781677,395,224,0.9999210834503174,0.831168532371521,0.987765371799469,508,403,0.32639044523239136,0.7011480331420898,0.964975118637085,429,393,0.60108882188797,-29.815160434727296,-174.8471585960013,-170.0580779446222,-2.278312691371776,istockphoto-1193319844-612x612.jpg,data\train_images\normal\istockphoto-1193319844-612x612.jpg,normal
0.584795355796814,0.335510790348053,357,136,0.9999092817306519,0.7740320563316345,0.5235509872436523,473,213,0.9981275200843811,0.626969575881958,0.49296027421951294,383,201,0.9989922642707825,0.7893151640892029,0.9985637068748474,483,407,0.709943950176239,0.6810137033462524,0.9450680613517761,416,385,0.9039469957351685,-33.814396845394896,-168.24937519099888,-153.7128718276644,-4.27644425256564,istockphoto-1279084389-612x612.jpg,data\train_images\normal\istockphoto-1279084389-612x612.jpg,normal
0.6854385137557983,0.45152878761291504,419,184,0.9961215853691101,0.7832368016242981,0.6168805360794067,479,251,0.9927639365196228,0.7913495302200317,0.5903513431549072,484,240,0.9966247081756592,0.8493962287902832,1.0398213863372803,519,424,0.6116193532943726,0.8292782306671143,1.0085796117782593,507,411,0.7234592437744141,-33.81071090871003,-72.99616764583843,-122.77932535837108,-7.054048173737985,istockphoto-1293721852-612x612.jpg,data\train_images\normal\istockphoto-1293721852-612x612.jpg,normal
0.5949914455413818,0.5571944713592529,364,227,0.99996018409729,0.7141155004501343,0.6851619482040405,437,279,0.9991243481636047,0.6622803211212158,0.6847535967826843,405,279,0.9994173049926758,0.8286283612251282,1.042492389678955,507,425,0.9391382336616516,0.7510471940040588,1.057874083518982,459,431,0.9750875234603882,-36.11166918569026,-179.54863995238856,168.78563884638552,-15.5515385299176,istockphoto-1293721915-612x612.jpg,data\train_images\normal\istockphoto-1293721915-612x612.jpg,normal
0.6744357347488403,0.23357219994068146,412,95,0.9985992312431335,0.7977682948112488,0.3590778410434723,488,146,0.9969689249992371,0.7639508247375488,0.34647369384765625,467,141,0.9920463562011719,0.8108165860176086,0.7758407592773438,496,316,0.9906484484672546,0.7753027081489563,0.75517737865448,474,308,0.9858635067939758,-41.75817832751946,-159.55901596596573,-149.80746007433524,-1.6931273271416523,istockphoto-1333492774-612x612.jpg,data\train_images\normal\istockphoto-1333492774-612x612.jpg,normal
0.5900579690933228,0.29087358713150024,361,118,0.9998899698257446,0.7973313927650452,0.476936936378479,487,194,0.9992688298225403,0.7276831269264221,0.474557101726532,445,193,0.9994127750396729,0.9024760723114014,1.0914340019226074,552,445,0.6294205784797668,0.8012126684188843,1.0845359563827515,490,442,0.7568130493164062,-43.00862315861215,-178.04300293171568,-176.10304167865317,-8.301947335700698,istockphoto-1370275191-612x612.jpg,data\train_images\normal\istockphoto-1370275191-612x612.jpg,normal
0.3227623701095581,0.28545093536376953,197,116,0.9948675632476807,0.3011699914932251,0.4421450197696686,184,180,0.9971831440925598,0.21550868451595306,0.47961288690567017,131,195,0.9979167580604553,0.3211258053779602,0.8398969769477844,196,342,0.5650181770324707,0.26868703961372375,0.8949573636054993,164,365,0.6338760852813721,20.16492270838761,156.37564967756546,133.60298391619978,-5.139653290569008,istockphoto-1385135866-612x612.jpg,data\train_images\normal\istockphoto-1385135866-612x612.jpg,normal
0.3195969760417938,0.3685770332813263,195,150,0.9989359974861145,0.3337060511112213,0.5124694108963013,204,209,0.9978692531585693,0.20826256275177002,0.5683276057243347,127,231,0.995478093624115,0.33648884296417236,0.8921968340873718,205,364,0.9751580357551575,0.26357534527778625,0.965647280216217,161,393,0.9311848878860474,15.797558614080094,155.99727252311658,134.789806555141,-4.275738098734156,istockphoto-1406913856-612x612.jpg,data\train_images\normal\istockphoto-1406913856-612x612.jpg,normal
0.36170676350593567,0.3838045001029968,221,156,0.999087929725647,0.26269441843032837,0.6075713038444519,160,247,0.9984795451164246,0.25491732358932495,0.6249001622200012,156,254,0.9992530941963196,0.3433522880077362,1.220361351966858,210,497,0.29360008239746094,0.3098374009132385,1.2616722583770752,189,514,0.2824307382106781,23.879711188614202,114.17027659401212,129.05187508120022,-6.192389108531257,istockphoto-1406913883-612x612.jpg,data\train_images\normal\istockphoto-1406913883-612x612.jpg,normal
0.3974316716194153,0.40830013155937195,243,169,0.9808423519134521,0.29996708035469055,0.48804953694343567,183,202,0.9921270608901978,0.2712899148464203,0.5197210311889648,166,215,0.9934324026107788,0.22062091529369354,0.8914017081260681,135,369,0.8470211625099182,0.19394725561141968,0.9193591475486755,118,381,0.8677522540092468,49.4715000016738,132.15947595578947,133.6538505094539,11.041475810606759,istockphoto-1413450970-612x612.jpg,data\train_images\normal\istockphoto-1413450970-612x612.jpg,normal
0.5741486549377441,0.26828432083129883,351,109,0.9999383687973022,0.690879762172699,0.47394776344299316,422,193,0.9994246959686279,0.6279516220092773,0.45124807953834534,384,184,0.9982404708862305,0.6836462020874023,0.9857375025749207,418,402,0.7840673327445984,0.626910924911499,0.9356736540794373,383,381,0.736786425113678,-23.69241719811447,-160.16441451942134,-138.57445508075605,0.47587013344161183,istockphoto-1416386235-612x612.jpg,data\train_images\normal\istockphoto-1416386235-612x612.jpg,normal
0.5441464781761169,0.2640320658683777,333,107,0.9999932050704956,0.6851873993873596,0.4802228510379791,419,195,0.9999468326568604,0.5392096042633057,0.425287127494812,329,173,0.9998204112052917,0.6386723518371582,0.9042244553565979,390,368,0.9983491897583008,0.5535364747047424,0.8517053723335266,338,347,0.9984816908836365,-19.828910916553454,-159.37720997541135,-148.3301684395033,2.167596117645401,istockphoto-1416386798-612x612.jpg,data\train_images\normal\istockphoto-1416386798-612x612.jpg,normal
0.59900963306427,0.3633042573928833,366,148,0.9999814033508301,0.7470155954360962,0.5925256609916687,457,241,0.9981997013092041,0.6893891096115112,0.49285057187080383,421,201,0.9996627569198608,0.7940415143966675,1.0484381914138794,485,427,0.15705075860023499,0.7016336917877197,0.9929785132408142,429,405,0.2974083721637726,-33.60229747064476,-120.0340666625969,-149.02941238914613,-3.547557781986388,istockphoto-1423356788-612x612.jpg,data\train_images\normal\istockphoto-1423356788-612x612.jpg,normal
0.5727178454399109,0.3118053674697876,350,114,0.9999876022338867,0.7643703818321228,0.47503870725631714,467,174,0.9997571110725403,0.5873955488204956,0.4333014488220215,359,159,0.9998966455459595,0.7303715944290161,0.9340147376060486,446,342,0.9855904579162598,0.6281179189682007,0.896299421787262,384,328,0.9936515092849731,-35.9291057065704,-166.72999679560235,-159.7539736805045,-0.4178274920561833,istockphoto-1424516495-612x612.jpg,data\train_images\normal\istockphoto-1424516495-612x612.jpg,normal
0.568061113357544,0.3531652092933655,347,132,0.9999964237213135,0.7946014404296875,0.5577050447463989,486,209,0.9997778534889221,0.5837461948394775,0.503372848033905,357,188,0.9998787641525269,0.7361946105957031,1.176220178604126,450,441,0.3096725046634674,0.5968037247657776,1.1228668689727783,365,421,0.6342642903327942,-34.325683583244775,-165.5506138409848,-159.05513359570912,2.0978538442944568,istockphoto-1458526303-612x612.jpg,data\train_images\normal\istockphoto-1458526303-612x612.jpg,normal
0.5661796927452087,0.32851678133010864,346,134,0.9999374151229858,0.5871195793151855,0.4885159432888031,359,199,0.9998358488082886,0.3842198848724365,0.5090604424476624,235,207,0.9999265670776367,0.5608746409416199,0.9073382616043091,343,370,0.9780935049057007,0.43825870752334595,0.9429855346679688,268,384,0.970389187335968,25.306334723805133,174.21825206368075,163.78963664526376,-1.86679982467135,istockphoto-1470637381-612x612.jpg,data\train_images\normal\istockphoto-1470637381-612x612.jpg,normal
0.6502494812011719,0.3110567331314087,397,126,0.9990703463554382,0.839763879776001,0.4992700219154358,513,203,0.9974654912948608,0.6482681632041931,0.4967256784439087,396,202,0.9988659620285034,0.8124562501907349,0.9934706687927246,497,405,0.9266619086265564,0.6834474802017212,0.9685917496681213,418,395,0.9725841283798218,-26.637577815900542,-179.23877375647905,-169.08469291994953,-0.4668461058996545,istockphoto-1473907462-612x612.jpg,data\train_images\normal\istockphoto-1473907462-612x612.jpg,normal
0.32680195569992065,0.387532114982605,200,158,0.9993441700935364,0.2737402319908142,0.5008402466773987,167,204,0.9991833567619324,0.17385973036289215,0.48386263847351074,106,197,0.9996424913406372,0.19707199931144714,0.929764449596405,120,379,0.6395224332809448,0.14076411724090576,0.9666292667388916,86,394,0.7216356992721558,44.498973369854404,-170.35311271966924,146.7871978491571,6.865134233768452,istockphoto-1493359242-612x612.jpg,data\train_images\normal\istockphoto-1493359242-612x612.jpg,normal
0.5668460130691528,0.3995278775691986,346,163,0.9998238682746887,0.6995423436164856,0.558706521987915,428,227,0.9989264607429504,0.5319075584411621,0.5451122522354126,325,222,0.9994290471076965,0.6578540802001953,0.8799809217453003,402,359,0.9934605360031128,0.5621731877326965,0.8750470280647278,344,357,0.9955613613128662,-17.78451915207257,-175.36376912626113,-177.04809276708463,1.004902329509498,istockphoto-1521487175-612x612.jpg,data\train_images\normal\istockphoto-1521487175-612x612.jpg,normal
0.38976791501045227,0.3961683511734009,238,161,0.999997615814209,0.36218875646591187,0.5770887136459351,221,235,0.9999864101409912,0.20757119357585907,0.547107458114624,127,223,0.9999819993972778,0.31926023960113525,1.0183970928192139,195,415,0.6346445083618164,0.1849033236503601,1.0724536180496216,113,437,0.6369205713272095,32.29790691122089,-169.02619510617345,158.083337992341,3.882093215379887,istockphoto-1558037609-612x612.jpg,data\train_images\normal\istockphoto-1558037609-612x612.jpg,normal
0.5855219960212708,0.5336699485778809,238,326,0.9991027116775513,0.809217631816864,0.6388199329376221,330,390,0.9935585856437683,0.5487871170043945,0.6120963096618652,223,374,0.9988768696784973,0.7576902508735657,0.8503905534744263,309,520,0.984177827835083,0.6136394143104553,0.8274274468421936,250,506,0.9882317185401917,-45.5233135690659,-174.1411994200932,-170.9427012641726,-1.7877969939012963,istockphoto-1602851821-612x612.jpg,data\train_images\normal\istockphoto-1602851821-612x612.jpg,normal
0.21792712807655334,0.15201056003570557,133,62,0.999401330947876,0.17887689173221588,0.24393776059150696,109,99,0.9996974468231201,0.1516958624124527,0.23348557949066162,92,95,0.9999058246612549,0.17721879482269287,0.5057790875434875,108,206,0.9995046854019165,0.14763279259204865,0.5111926794052124,90,208,0.9993417859077454,31.264113801916857,-158.9662735676367,169.63083234257996,0.6075199305197135,istockphoto-163076214-612x612.jpg,data\train_images\normal\istockphoto-163076214-612x612.jpg,normal
0.19186976552009583,0.21888622641563416,117,89,0.9998078942298889,0.14274519681930542,0.2870123088359833,87,117,0.9996868371963501,0.1129118874669075,0.2687435746192932,69,109,0.9999421834945679,0.1271265298128128,0.5413755774497986,77,220,0.9990392923355103,0.09969768673181534,0.5518158078193665,61,225,0.9992375373840332,47.35020981380625,-148.51835165524614,159.16169243020317,3.0709162700395143,istockphoto-163076270-612x612.jpg,data\train_images\normal\istockphoto-163076270-612x612.jpg,normal
0.6186078786849976,0.36176592111587524,378,147,0.9995496869087219,0.8558934926986694,0.5202498435974121,523,212,0.996792733669281,0.6491157412528992,0.5113677382469177,397,208,0.9990823268890381,0.8413392901420593,0.9790918231010437,514,399,0.6449490189552307,0.7087874412536621,0.9202139377593994,433,375,0.8909217119216919,-40.99773613777522,-177.54038094377802,-156.049801728368,-2.9765488016469552,istockphoto-1759007183-612x612.jpg,data\train_images\normal\istockphoto-1759007183-612x612.jpg,normal
0.33107414841651917,0.3311142921447754,202,134,0.999998927116394,0.3116241693496704,0.500242292881012,190,203,0.9999136924743652,0.19381564855575562,0.5868385434150696,118,238,0.9996974468231201,0.24859529733657837,1.0179516077041626,152,413,0.8979837894439697,0.1667921543121338,1.2050514221191406,102,489,0.8695574998855591,20.24670092358546,143.6819071627882,113.61574692027409,4.532750594540442,istockphoto-176815821-612x612.jpg,data\train_images\normal\istockphoto-176815821-612x612.jpg,normal
0.45272472500801086,0.3055483102798462,277,124,0.9999951124191284,0.40659821033477783,0.3788822293281555,248,154,0.9999693632125854,0.37142056226730347,0.3858209252357483,227,157,0.9999973773956299,0.4521741569042206,0.6362806558609009,276,259,0.9998039603233337,0.43499383330345154,0.64963698387146,266,265,0.9998874664306641,39.67881258618905,168.84179980916483,142.13778937557655,-11.82757679574282,istockphoto-186082228-612x612.jpg,data\train_images\normal\istockphoto-186082228-612x612.jpg,normal
0.41926974058151245,0.37000852823257446,256,155,0.9975783228874207,0.3980904221534729,0.5122885704040527,243,214,0.9971976280212402,0.2820664644241333,0.5266724824905396,172,220,0.9995694756507874,0.3911588788032532,0.8998205661773682,239,377,0.8655282258987427,0.320341020822525,0.9516522884368896,196,398,0.8868100047111511,27.91495187643381,172.93289246995204,143.79953353362325,-2.2091154716519155,istockphoto-186148813-612x612.jpg,data\train_images\normal\istockphoto-186148813-612x612.jpg,normal
0.3036588430404663,0.3773978352546692,185,153,0.9999183416366577,0.2911342978477478,0.5747262239456177,178,234,0.9997585415840149,0.14137840270996094,0.5895402431488037,86,240,0.9997009038925171,0.276416540145874,1.0410945415496826,169,424,0.44262397289276123,0.16365499794483185,1.0825779438018799,100,441,0.3621312081813812,23.11786115250308,174.35061724875976,159.80213344489815,-0.45140484805583814,istockphoto-2071158948-612x612.jpg,data\train_images\normal\istockphoto-2071158948-612x612.jpg,normal
0.3670852780342102,0.39126163721084595,224,159,0.9987359642982483,0.34563952684402466,0.58598792552948,211,239,0.9964210987091064,0.20983561873435974,0.6094051599502563,128,248,0.999498724937439,0.31323477625846863,1.0633585453033447,191,433,0.6591762900352478,0.2391103059053421,1.12130606174469,146,457,0.7480695247650146,23.403587021936147,170.21645906637866,141.98314056807848,0.18128372333011897,istockphoto-2071158951-612x612.jpg,data\train_images\normal\istockphoto-2071158951-612x612.jpg,normal
0.297880083322525,0.259005069732666,182,105,0.9999767541885376,0.3399984836578369,0.4935743808746338,208,201,0.9995806813240051,0.18452085554599762,0.48834025859832764,112,199,0.9996788501739502,0.30366459488868713,0.9393083453178406,185,383,0.7180387377738953,0.2042919248342514,0.9712615013122559,125,396,0.7367150187492371,8.730585960301257,-178.07187757462216,162.17487133398672,1.0217775579788548,istockphoto-2071158953-612x612.jpg,data\train_images\normal\istockphoto-2071158953-612x612.jpg,normal
0.606612503528595,0.3263588845729828,371,133,0.9998862743377686,0.766353189945221,0.5028400421142578,469,205,0.9990845918655396,0.559677243232727,0.49183306097984314,342,200,0.9991127848625183,0.712306559085846,0.9170857667922974,435,374,0.844954788684845,0.5810979604721069,0.9051569700241089,355,369,0.9053317308425903,-18.256870853609914,-176.95146755153965,-174.80524958289138,2.2576463927642787,istockphoto-2090410308-612x612.jpg,data\train_images\normal\istockphoto-2090410308-612x612.jpg,normal
0.5671800971031189,0.32081612944602966,347,130,0.9999048709869385,0.6107659339904785,0.5159693956375122,373,210,0.9984654188156128,0.45045390725135803,0.5353789329528809,275,218,0.9999022483825684,0.6250880360603333,0.974075973033905,382,397,0.854993999004364,0.5382744073867798,1.0039340257644653,329,409,0.9053297638893127,10.121523344125405,173.09660071854503,161.02022685191062,-6.2901162177018834,istockphoto-2090425000-612x612.jpg,data\train_images\normal\istockphoto-2090425000-612x612.jpg,normal
0.4108564853668213,0.2783511281013489,251,113,0.9995434880256653,0.3091426193714142,0.43194079399108887,189,176,0.9983943104743958,0.2717176079750061,0.4521249532699585,166,184,0.9992209672927856,0.2866658568382263,0.9307382106781006,175,379,0.8231655955314636,0.23980772495269775,0.9668999314308167,146,394,0.8254063725471497,36.343214612420425,151.66100616704935,142.34163442535282,3.0714527672963885,istockphoto-2090431795-612x612.jpg,data\train_images\normal\istockphoto-2090431795-612x612.jpg,normal
0.5967552065849304,0.3022237718105316,365,123,0.9997417330741882,0.7229042649269104,0.44001227617263794,442,179,0.9956972599029541,0.5821415185928345,0.41965988278388977,356,171,0.999312162399292,0.676590085029602,0.7517336010932922,414,306,0.9991405010223389,0.6118944883346558,0.6943584680557251,374,283,0.9995527863502502,-23.605745096861767,-171.77281784882405,-138.4318624629031,1.6176723928720882,istockphoto-2148950428-612x612.jpg,data\train_images\normal\istockphoto-2148950428-612x612.jpg,normal
0.4772237539291382,0.33328568935394287,292,135,0.995657205581665,0.4349343776702881,0.5143301486968994,266,209,0.9980829954147339,0.30267810821533203,0.5103533267974854,185,207,0.9973227381706238,0.4116548001766205,0.937794029712677,251,381,0.9162198305130005,0.3305395841598511,0.9723321795463562,202,395,0.9209904074668884,31.194688380835654,-178.27768863234868,156.93611917081077,-0.29648569035362793,istockphoto-2149916026-612x612.jpg,data\train_images\normal\istockphoto-2149916026-612x612.jpg,normal
0.42880359292030334,0.3558793067932129,262,122,0.9990818500518799,0.4221545457839966,0.5009279847145081,258,172,0.999468982219696,0.24036043882369995,0.5328097343444824,147,183,0.9999237060546875,0.3965141177177429,0.9843207001686096,242,338,0.6969314217567444,0.28173816204071045,1.0127567052841187,172,348,0.7633432745933533,31.212331027270857,170.05302818031322,166.0850295868697,-0.9359111929931961,istockphoto-2174091194-612x612.jpg,data\train_images\normal\istockphoto-2174091194-612x612.jpg,normal
0.3693304657936096,0.39679229259490967,226,161,0.9817225337028503,0.31069472432136536,0.5615680813789368,190,229,0.9980339407920837,0.20889729261398315,0.5634939670562744,127,229,0.9986522793769836,0.24926027655601501,0.978654682636261,152,399,0.4929647743701935,0.17849209904670715,0.998536229133606,109,407,0.4477684199810028,33.46016966319529,178.91616166379498,164.30787219909143,6.151405801312376,istockphoto-2176713363-612x612.jpg,data\train_images\normal\istockphoto-2176713363-612x612.jpg,normal
0.33497798442840576,0.4086042046546936,205,166,0.9998501539230347,0.31227368116378784,0.5787882804870605,191,236,0.998819887638092,0.20538969337940216,0.5809752941131592,125,237,0.9992944002151489,0.2554461658000946,1.0051547288894653,156,410,0.45265159010887146,0.18287009000778198,0.9969204664230347,111,406,0.3984280526638031,23.96889314370159,178.8278022752675,-173.52707333970514,5.381474408523639,istockphoto-2176720014-612x612.jpg,data\train_images\normal\istockphoto-2176720014-612x612.jpg,normal
0.40552181005477905,0.4072626531124115,248,166,0.9986236095428467,0.3614053726196289,0.47345033288002014,221,193,0.9986742734909058,0.35010164976119995,0.4621301591396332,214,188,0.9998717308044434,0.33591771125793457,0.6724210977554321,205,274,0.9989633560180664,0.33175772428512573,0.6830018162727356,203,278,0.9995051622390747,39.42846125126542,-134.9583375951521,111.4631033548278,5.96009337225057,istockphoto-2184271434-612x612.jpg,data\train_images\normal\istockphoto-2184271434-612x612.jpg,normal
0.4996430277824402,0.3302854597568512,305,134,0.996263325214386,0.4347398579120636,0.4239160418510437,266,172,0.9986444115638733,0.4888252913951874,0.4105760455131531,299,167,0.9998815059661865,0.4827846586704254,0.6422131061553955,295,262,0.9962026476860046,0.5109436511993408,0.6496719121932983,312,265,0.9981560111045837,23.5270987580282,-13.855275752614236,14.83590157601527,-8.721076913602237,istockphoto-2184271436-612x612.jpg,data\train_images\normal\istockphoto-2184271436-612x612.jpg,normal
0.5009753108024597,0.32444119453430176,306,132,0.9998565912246704,0.6574071645736694,0.4983696937561035,402,203,0.9976569414138794,0.527991533279419,0.43320488929748535,323,176,0.9973412156105042,0.6324825286865234,0.8026406764984131,387,327,0.9911709427833557,0.5563462376594543,0.7443231344223022,340,303,0.9876500964164734,-32.980838743380765,-153.27332056015948,-142.54924012188462,-0.31935302733350956,istockphoto-2184935769-612x612.jpg,data\train_images\normal\istockphoto-2184935769-612x612.jpg,normal
0.5272533893585205,0.2736126184463501,322,111,0.9992165565490723,0.7069288492202759,0.467981219291687,432,190,0.9973328113555908,0.5206416249275208,0.4382533133029938,318,178,0.9987491369247437,0.6644814014434814,0.9333281517028809,406,380,0.9116231203079224,0.5484133362770081,0.9155192375183105,335,373,0.9589629769325256,-25.73681412211311,-170.93313096835746,-171.27684674410057,0.891977890094718,istockphoto-2184936371-612x612.jpg,data\train_images\normal\istockphoto-2184936371-612x612.jpg,normal
0.5342438220977783,0.34503287076950073,326,140,0.9998019337654114,0.6821373105049133,0.5011230111122131,417,204,0.9988413453102112,0.5461611151695251,0.5096026659011841,334,207,0.9938004612922668,0.676771879196167,0.8752116560935974,414,357,0.9985769987106323,0.5998634099960327,0.8401734828948975,367,342,0.9962924122810364,-26.490788222254032,176.4315806556031,-155.50680784036598,-3.924117623716767,istockphoto-2187380917-612x612.jpg,data\train_images\normal\istockphoto-2187380917-612x612.jpg,normal
0.32556599378585815,0.33720147609710693,199,115,0.9999500513076782,0.28681468963623047,0.5293136239051819,175,182,0.9996639490127563,0.15480533242225647,0.5635757446289062,94,193,0.999895453453064,0.2569878399372101,1.0182442665100098,157,350,0.2912411093711853,0.15089541673660278,1.0879179239273071,92,374,0.34552261233329773,26.59448048203532,165.45030617381562,146.7060513750321,1.9069498753446144,istockphoto-2187791112-612x612.jpg,data\train_images\normal\istockphoto-2187791112-612x612.jpg,normal
0.35309746861457825,0.4284118711948395,216,174,0.9994662404060364,0.3170631229877472,0.5602719187736511,194,228,0.9992406368255615,0.1898173987865448,0.5915560722351074,116,241,0.999829888343811,0.28766384720802307,0.9624482989311218,176,392,0.8750893473625183,0.21152585744857788,0.9942216873168945,129,405,0.9023088812828064,34.04423324820013,166.18742834022498,157.34857834205886,0.547483795661097,istockphoto-2192506918-612x612.jpg,data\train_images\normal\istockphoto-2192506918-612x612.jpg,normal
0.6253187656402588,0.29742324352264404,382,121,0.9997509121894836,0.7675233483314514,0.5007964372634888,469,204,0.9996880292892456,0.7709500193595886,0.5028238296508789,471,205,0.9987340569496155,0.7592301368713379,1.2370051145553589,464,504,0.641826868057251,0.7566778659820557,1.2226732969284058,463,498,0.5984868407249451,-35.151083379116876,30.610711718533455,-100.09761828360607,0.8878743481470437,istockphoto-2195372720-612x612.jpg,data\train_images\normal\istockphoto-2195372720-612x612.jpg,normal
0.5124959349632263,0.2633911371231079,209,161,0.9993313550949097,0.8582962155342102,0.39115774631500244,350,239,0.9967300891876221,0.43226349353790283,0.37210574746131897,176,227,0.9994422793388367,0.7268955111503601,0.7492766380310059,296,458,0.9962537288665771,0.4952588677406311,0.7229305505752563,202,442,0.9974429607391357,-48.3157709356596,-177.43946352765116,-173.51112870550057,5.511355899971096,istockphoto-2205458705-612x612.jpg,data\train_images\normal\istockphoto-2205458705-612x612.jpg,normal
0.5627637505531311,0.3038332462310791,344,123,0.9986622333526611,0.7494533658027649,0.41986188292503357,458,171,0.9995623230934143,0.5567957162857056,0.42823678255081177,340,174,0.9989570379257202,0.7149120569229126,0.8110931515693665,437,330,0.9713596105575562,0.5974785685539246,0.806443452835083,365,329,0.9722394943237305,-36.93046648288224,177.51089824425736,-177.7325971398458,-0.4573169913703688,istockphoto-2208106301-612x612.jpg,data\train_images\normal\istockphoto-2208106301-612x612.jpg,normal
0.644984781742096,0.34038251638412476,394,138,0.998960018157959,0.8078213930130005,0.4944682717323303,494,201,0.9990750551223755,0.6063809394836426,0.47860705852508545,371,195,0.9997166991233826,0.743879497051239,0.9200888872146606,455,375,0.8455042839050293,0.6240361332893372,0.8757525682449341,381,357,0.8966614603996277,-23.02564019651551,-175.49787830159818,-159.69793406456037,3.219918877102068,istockphoto-2211077364-612x612.jpg,data\train_images\normal\istockphoto-2211077364-612x612.jpg,normal
0.45813360810279846,0.2885057330131531,280,99,0.9978396892547607,0.4393700957298279,0.42300090193748474,268,145,0.9994754195213318,0.30315837264060974,0.4454248547554016,185,153,0.9985840320587158,0.40547242760658264,0.8252923488616943,248,283,0.6655887365341187,0.33282431960105896,0.8663392066955566,203,298,0.7019583582878113,30.803041254203396,170.6514925334746,150.53314710710166,0.29452857037119395,istockphoto-2211077432-612x612.jpg,data\train_images\normal\istockphoto-2211077432-612x612.jpg,normal
0.5405620336532593,0.2501809000968933,330,102,0.9739665985107422,0.5853605270385742,0.5067097544670105,358,206,0.9841338992118835,0.3362448811531067,0.4675688147544861,205,190,0.9987038373947144,0.5210006237030029,1.0463680028915405,318,426,0.9526076912879944,0.3706759214401245,0.9878137111663818,226,403,0.9683831334114075,18.603045648874694,-171.07071277951772,-158.71815308283695,1.6174515576619237,istockphoto-2220033252-612x612.jpg,data\train_images\normal\istockphoto-2220033252-612x612.jpg,normal
0.5836010575294495,0.20606577396392822,357,84,0.9978283047676086,0.6418009996414185,0.4642370343208313,392,189,0.9984757304191589,0.3630528450012207,0.4417840242385864,222,180,0.9990554451942444,0.5738784074783325,1.0063644647598267,351,410,0.927772045135498,0.42105138301849365,1.0108458995819092,257,412,0.9193423390388489,18.19640495878224,-175.39479923599043,178.3203641853065,0.5116961601754472,istockphoto-2220033337-612x612.jpg,data\train_images\normal\istockphoto-2220033337-612x612.jpg,normal
0.5974093079566956,0.42835694551467896,365,174,0.998965859413147,0.7394422292709351,0.592619001865387,452,241,0.9949122667312622,0.6228687167167664,0.6020429134368896,381,245,0.997426450252533,0.7389825582504272,1.027410864830017,452,419,0.7093396186828613,0.6470951437950134,1.0157679319381714,396,414,0.7964897751808167,-26.36373519611927,175.37820641670962,-172.7786100757971,-1.604421664688572,istockphoto-2220874720-612x612.jpg,data\train_images\normal\istockphoto-2220874720-612x612.jpg,normal
0.42753228545188904,0.24877338111400604,261,101,0.999906063079834,0.4306754171848297,0.37396523356437683,263,152,0.9997416138648987,0.34261348843574524,0.44897353649139404,209,183,0.9997114539146423,0.4303528070449829,0.7570829391479492,263,308,0.9826812148094177,0.3527720272541046,0.8233280777931213,215,335,0.9887008666992188,14.107095827228429,139.57671677001974,139.50645175275852,-0.7439553483051304,istockphoto-2232947994-612x612.jpg,data\train_images\normal\istockphoto-2232947994-612x612.jpg,normal
0.5539356470108032,0.3097533583641052,339,126,0.9981694221496582,0.7333086729049683,0.4751463830471039,448,193,0.9984989166259766,0.4920889735221863,0.5112967491149902,301,208,0.9983931183815002,0.7166204452514648,0.9447780847549438,438,385,0.8351770043373108,0.5524582266807556,0.9380736947059631,338,382,0.8846484422683716,-17.759783494615764,171.47680488099974,-177.66133825123262,-2.7897547701985514,istockphoto-2237450705-612x612.jpg,data\train_images\normal\istockphoto-2237450705-612x612.jpg,normal
0.6245179176330566,0.4375802278518677,382,178,0.9998373985290527,0.8277227282524109,0.6027342677116394,506,245,0.9962551593780518,0.6905599236488342,0.6717878580093384,422,274,0.9807315468788147,0.9005470275878906,1.3636051416397095,551,556,0.01108204759657383,0.7473758459091187,1.3633170127868652,457,556,0.012111853808164597,-33.98757072164624,153.27737194505553,-179.89222158129772,-5.100664249717662,istockphoto-508094498-612x612.jpg,data\train_images\normal\istockphoto-508094498-612x612.jpg,normal
0.49246788024902344,0.21312391757965088,301,86,0.9999129772186279,0.5733437538146973,0.27261531352996826,350,111,0.9996026158332825,0.5542632937431335,0.27923715114593506,339,113,0.9993873834609985,0.6681201457977295,0.4889703392982483,408,199,0.9997033476829529,0.6363796591758728,0.4638165235519409,389,189,0.9998378753662109,-48.64002679259002,160.8607655672392,-141.6037518765562,-23.807131921884018,istockphoto-512622794-612x612.jpg,data\train_images\normal\istockphoto-512622794-612x612.jpg,normal
0.7465707659721375,0.3180166184902191,304,194,0.999687671661377,0.6864326596260071,0.3978860378265381,280,243,0.9999977350234985,0.689167320728302,0.39458441734313965,281,241,0.9993383288383484,0.6018515229225159,0.5719113945960999,245,350,0.9999489784240723,0.593254029750824,0.5629869103431702,242,344,0.9997919201850891,36.91994213011981,-50.3657796507873,-133.93088354266015,27.793807269508186,istockphoto-527319509-612x612.jpg,data\train_images\normal\istockphoto-527319509-612x612.jpg,normal
0.45429161190986633,0.4403105676174164,185,269,0.9998546838760376,0.6015560030937195,0.45190420746803284,245,276,0.9999027252197266,0.5749872922897339,0.46402275562286377,234,283,0.9984089732170105,0.7268719673156738,0.6312670111656189,296,386,0.9991018772125244,0.6893607974052429,0.6186529397964478,281,378,0.9981537461280823,-82.49406983740754,155.4812729199109,-161.41349098775115,-35.66504500917561,istockphoto-527399997-612x612.jpg,data\train_images\normal\istockphoto-527399997-612x612.jpg,normal
0.6820911169052124,0.3557533323764801,417,145,0.9998763799667358,0.8021736741065979,0.5592483878135681,490,228,0.9942460656166077,0.7295898199081421,0.5614721775054932,446,229,0.9953694939613342,0.81529301404953,1.328479528427124,498,542,0.009055833332240582,0.7176040410995483,1.3034478425979614,439,531,0.015107807703316212,-22.2700790375534,178.24514801901913,-165.62783415115146,-0.042977742286012595,istockphoto-532488263-612x612.jpg,data\train_images\normal\istockphoto-532488263-612x612.jpg,normal
0.53911292552948,0.29271578788757324,329,119,0.9999486207962036,0.47060343623161316,0.3410927355289459,288,139,0.9990234375,0.4438008964061737,0.31018126010894775,271,126,0.9998843669891357,0.37394315004348755,0.5216869711875916,228,212,0.9975371360778809,0.33743032813072205,0.5251527428627014,206,214,0.9985635876655579,68.10403719918963,-130.9277117183173,174.57776967234474,27.169935934089526,istockphoto-589428646-612x612.jpg,data\train_images\normal\istockphoto-589428646-612x612.jpg,normal
0.7554359436035156,0.2393013834953308,462,97,0.9999608993530273,0.8777309060096741,0.5187251567840576,537,211,0.9914510846138,0.7671985626220703,0.4554741680622101,469,185,0.9980267882347107,0.8924314379692078,1.0258848667144775,546,418,0.7575585842132568,0.8034275770187378,0.9208055138587952,491,375,0.9104740619659424,-15.136134425339073,-150.22009897410982,-130.265122834794,-2.9978524810775213,istockphoto-638470050-612x612.jpg,data\train_images\normal\istockphoto-638470050-612x612.jpg,normal
0.5645461678504944,0.3386881351470947,230,207,0.9999390840530396,0.7600622773170471,0.5751132965087891,310,351,0.9903399348258972,0.5880039930343628,0.5112904906272888,239,312,0.9974937438964844,0.7734919786453247,0.9990495443344116,315,611,0.6068467497825623,0.6504334211349487,0.9282615780830383,265,568,0.852713406085968,-28.162484635940483,-159.6483127121255,-150.09084839233054,-5.154759159012692,istockphoto-638470956-612x612.jpg,data\train_images\normal\istockphoto-638470956-612x612.jpg,normal
0.5941251516342163,0.2744894027709961,363,111,0.9982017278671265,0.7617537975311279,0.4373489022254944,466,178,0.9926008582115173,0.6347445249557495,0.4194056987762451,388,171,0.9987214207649231,0.8240436911582947,0.7943173050880432,504,324,0.9982415437698364,0.7389799356460571,0.7308914065361023,452,298,0.9969879984855652,-34.08316505922582,-171.95876830954276,-143.29076562617604,-13.988780577921059,istockphoto-674544166-612x612.jpg,data\train_images\normal\istockphoto-674544166-612x612.jpg,normal
0.6063488125801086,0.27175337076187134,371,110,0.9999828338623047,0.7285639047622681,0.46861931681632996,445,191,0.9991187453269958,0.6568346619606018,0.4292464256286621,401,175,0.9989387392997742,0.7297008037567139,0.9314201474189758,446,380,0.876530110836029,0.663514256477356,0.8926243782043457,406,364,0.9240230321884155,-25.982822504650155,-151.2371810151323,-149.62296229174996,-0.48353672592335184,istockphoto-675272840-612x612.jpg,data\train_images\normal\istockphoto-675272840-612x612.jpg,normal
0.4972100257873535,0.38049018383026123,304,155,0.9999308586120605,0.6957034468650818,0.5890171527862549,425,240,0.99750155210495,0.5474151372909546,0.5607954263687134,335,228,0.9988001585006714,0.7148928642272949,1.173166275024414,437,478,0.08519625663757324,0.5579935312271118,1.1518391370773315,341,469,0.1213468387722969,-32.60313302703281,-169.22452629588992,-172.25929490659573,-1.4510004412390618,istockphoto-844990994-612x612.jpg,data\train_images\normal\istockphoto-844990994-612x612.jpg,normal
0.4612627327442169,0.40317678451538086,282,164,0.9999659061431885,0.6414573192596436,0.6049613356590271,392,246,0.9993501305580139,0.5202043056488037,0.588472843170166,318,240,0.9997784495353699,0.6681329011917114,1.1686421632766724,408,476,0.23866859078407288,0.52433842420578,1.1614000797271729,320,473,0.3239266276359558,-31.707532198145618,-172.25617901480268,-177.11678414088027,-1.5527196184637957,istockphoto-844991008-612x612.jpg,data\train_images\normal\istockphoto-844991008-612x612.jpg,normal
0.32389289140701294,0.055003970861434937,198,22,0.9979931116104126,0.25045162439346313,0.19514232873916626,153,79,0.9987878203392029,0.21352079510688782,0.1942204236984253,130,79,0.9992756247520447,0.24600130319595337,0.6158016324043274,150,251,0.9703647494316101,0.22347232699394226,0.6388635635375977,136,260,0.9749687910079956,33.34461552259791,-178.57002127579304,134.3302463327653,-0.36425634828844344,istockphoto-861486388-612x612.jpg,data\train_images\normal\istockphoto-861486388-612x612.jpg,normal
0.6250350475311279,0.3373164236545563,382,137,0.9998212456703186,0.7561934590339661,0.4462426006793976,462,182,0.9994174242019653,0.6239039897918701,0.43370553851127625,381,176,0.9998291730880737,0.7617401480674744,0.7111186385154724,466,290,0.9975876808166504,0.689665675163269,0.7007244229316711,422,285,0.9988601207733154,-32.34631528867239,-174.58625259500863,-171.7936722128673,-7.635816050795402,istockphoto-922215538-612x612.jpg,data\train_images\normal\istockphoto-922215538-612x612.jpg,normal
0.656209409236908,0.345071017742157,401,140,0.9992146492004395,0.8189510107040405,0.4989314675331116,501,203,0.9971605539321899,0.6964247226715088,0.4631608724594116,426,188,0.9977032542228699,0.821982741355896,0.8951108455657959,503,365,0.6008725762367249,0.7309592962265015,0.8507805466651917,447,347,0.7818370461463928,-36.734034590165955,-163.7252467395295,-154.03296076931167,-2.7440003026052895,istockphoto-931096976-612x612.jpg,data\train_images\normal\istockphoto-931096976-612x612.jpg,normal
0.7099485993385315,0.41348057985305786,434,168,0.9766228199005127,0.8481565713882446,0.5861427783966064,519,239,0.9603086113929749,0.7300435304641724,0.5524001717567444,446,225,0.9866611361503601,0.8326103687286377,0.9296980500221252,509,379,0.8830358982086182,0.749175488948822,0.9259576797485352,458,377,0.9507060647010803,-26.933398313667404,-164.05638749511982,-177.43315938736774,-0.28649184444758896,istockphoto-990046354-612x612.jpg,data\train_images\normal\istockphoto-990046354-612x612.jpg,normal
0.6770772337913513,0.3975673317909241,414,162,0.99569171667099,0.8213414549827576,0.5414873957633972,502,220,0.9841755032539368,0.6840753555297852,0.49915191531181335,418,203,0.9952813982963562,0.7915826439857483,0.8374330401420593,484,341,0.9107215404510498,0.7069795727729797,0.8058436512947083,432,328,0.9454675912857056,-31.638394871721506,-162.85924059624307,-159.5251989799058,0.6516727464374052,istockphoto-990048022-612x612.jpg,data\train_images\normal\istockphoto-990048022-612x612.jpg,normal
0.48016631603240967,0.3531196415424347,276,114,0.999957799911499,0.590388834476471,0.4694986641407013,340,152,0.9996998310089111,0.3616511821746826,0.46332263946533203,208,150,0.9998351335525513,0.5412189960479736,0.7487655282020569,311,242,0.9929065704345703,0.42515209317207336,0.7353237867355347,244,238,0.9886848330497742,2.09601755844164,-178.4533626577158,-173.39398770274767,-1.4891578282819617,att.BhWqf-wMjFE6MnPPIOETW5RUOp0aJd35Fvy_FvAMAzI.JPG,data\train_images\abnormal\att.BhWqf-wMjFE6MnPPIOETW5RUOp0aJd35Fvy_FvAMAzI.JPG,abnormal
0.41586899757385254,0.32248443365097046,185,144,0.9931464791297913,0.4747832417488098,0.3732074201107025,212,166,0.9995946288108826,0.4798245131969452,0.34574776887893677,214,154,0.9979251623153687,0.4867349863052368,0.5977465510368347,217,267,0.9997318387031555,0.49558505415916443,0.5829165577888489,221,260,0.9987955093383789,-58.94565025154438,-79.59700781787491,-59.17259241239151,-3.4348434095203157,att.G4dQG4hsn07BG78ZOJIHPBNkIyKWx2sRt8OaD3blL2k.JPG,data\train_images\abnormal\att.G4dQG4hsn07BG78ZOJIHPBNkIyKWx2sRt8OaD3blL2k.JPG,abnormal
0.49322009086608887,0.4782349467277527,123,95,0.9997696280479431,0.44949018955230713,0.6572474837303162,112,131,0.9994876384735107,0.234503835439682,0.6350737810134888,58,127,0.9946887493133545,0.36772507429122925,1.184133529663086,91,236,0.25117403268814087,0.196920245885849,1.1851733922958374,49,237,0.17554430663585663,42.004166290468376,-174.11133264638494,179.65118665194743,6.323565633769253,att.iwF1yMYiRzNxR3RpyyN7pGvwXx5V6yYmyakzcFQWe04.JPG,data\train_images\abnormal\att.iwF1yMYiRzNxR3RpyyN7pGvwXx5V6yYmyakzcFQWe04.JPG,abnormal
0.48984917998313904,0.38973844051361084,293,155,0.9990726709365845,0.3874228000640869,0.4717964828014374,232,188,0.9990366697311401,0.21505729854106903,0.4666123688220978,129,186,0.99367755651474,0.19768790900707245,0.8444797396659851,118,337,0.9848284125328064,0.08551669120788574,0.876359224319458,51,350,0.9807767271995544,67.1530287950843,-178.27727511957147,164.13464958530813,22.198222482895265,att.NDCJmzGhaof5bImsRaD_owzbmrG7QGZqFdm-v8O51wU.JPG,data\train_images\abnormal\att.NDCJmzGhaof5bImsRaD_owzbmrG7QGZqFdm-v8O51wU.JPG,abnormal
0.45416176319122314,0.3045918643474579,234,117,0.9997352957725525,0.5884937047958374,0.35428959131240845,303,137,0.9999678134918213,0.5098820328712463,0.4099963307380676,263,158,0.9913873076438904,0.6310303211212158,0.7579047083854675,325,293,0.9993535876274109,0.5682292580604553,0.7427266240119934,293,287,0.9972847700119019,-50.782009985670754,144.67739646300083,-166.41300819232987,-7.801303548010166,att.Ojjw_8800LnX4zvpretnYxObiiXcu2GkwGl3i_30Va8.JPG,data\train_images\abnormal\att.Ojjw_8800LnX4zvpretnYxObiiXcu2GkwGl3i_30Va8.JPG,abnormal
0.5479451417922974,0.34328871965408325,464,181,0.9987967014312744,0.42054057121276855,0.4164690375328064,356,220,0.9995688796043396,0.28698277473449707,0.4930873215198517,243,260,0.9941889047622681,0.261418879032135,0.9234946966171265,221,488,0.8609338402748108,0.15676267445087433,1.001064419746399,132,529,0.8266184329986572,60.137929202250675,150.15834091374103,143.4546719244772,15.910997963677323,att.PotC9Lvn0iYs7X37z0Eb-WS-m5USzR5nc71zeE3mTfg.JPG,data\train_images\abnormal\att.PotC9Lvn0iYs7X37z0Eb-WS-m5USzR5nc71zeE3mTfg.JPG,abnormal
0.790749192237854,0.20648223161697388,395,68,0.9913555979728699,0.7139626741409302,0.3771990239620209,356,125,0.9889116287231445,0.5058361291885376,0.27825912833213806,252,92,0.9029653072357178,0.38961440324783325,0.6666222810745239,194,221,0.9292556047439575,0.27870550751686096,0.5959264039993286,139,198,0.9124570488929749,56.16097542488915,-154.57436329670568,-147.48562786588556,42.251896633105545,att.QGnoReILLR_00rVz3y8xeAhERW8so59nxDxt1tYvH1Q.JPG,data\train_images\abnormal\att.QGnoReILLR_00rVz3y8xeAhERW8so59nxDxt1tYvH1Q.JPG,abnormal
0.5850288271903992,0.36004334688186646,377,154,0.9997498393058777,0.5263180136680603,0.37118732929229736,339,159,0.9998394250869751,0.488602876663208,0.3532508611679077,315,151,0.999947190284729,0.46700355410575867,0.5644935965538025,301,242,0.9997778534889221,0.4354632794857025,0.5824654698371887,280,250,0.9996404647827148,88.39330772961074,-154.56529386924117,150.32520135182077,14.903792044435376,att.QiDujXaVSTsh0u_lgcl5GdZf5i0m9y256yJGO64bm0c.JPG,data\train_images\abnormal\att.QiDujXaVSTsh0u_lgcl5GdZf5i0m9y256yJGO64bm0c.JPG,abnormal
0.5551960468292236,0.5043642520904541,319,193,0.9990121126174927,0.5484275817871094,0.47091594338417053,315,180,0.9998537302017212,0.38250550627708435,0.5384101867675781,220,206,0.98117595911026,0.4308111071586609,0.7345650792121887,248,282,0.9987080097198486,0.34055203199386597,0.803950309753418,196,308,0.9982603192329407,89.80919698531861,157.86435471709376,142.44928983491695,16.779983205939985,att.s2LcCJ0ISC2i06CJHjhoqHxNG_VpHNcM3VdXcDKFyvI.JPG,data\train_images\abnormal\att.s2LcCJ0ISC2i06CJHjhoqHxNG_VpHNcM3VdXcDKFyvI.JPG,abnormal
0.5611531138420105,0.365115761756897,240,118,0.999991774559021,0.6081068515777588,0.43165168166160583,260,139,0.999996542930603,0.2859373092651367,0.4406493008136749,122,142,0.9999873638153076,0.5589637756347656,0.8938124179840088,239,289,0.7206860184669495,0.36147040128707886,0.9203245639801025,154,298,0.6449287533760071,58.10201983107972,178.40024718664586,172.3541408422769,-1.6049938910118147,att.YKhVH6AVGpcgacspWEiRUHtQromaIviFuVrmu1YW9qA.JPG,data\train_images\abnormal\att.YKhVH6AVGpcgacspWEiRUHtQromaIviFuVrmu1YW9qA.JPG,abnormal
0.559672474861145,0.20472919940948486,306,74,0.9999867677688599,0.5834172964096069,0.2972002327442169,319,108,0.9985377788543701,0.4801911413669586,0.3008476495742798,262,109,0.9981659054756165,0.5725196003913879,0.5220390558242798,313,190,0.9993187189102173,0.5089113712310791,0.523276150226593,278,190,0.9995469450950623,16.46473461980147,177.9763395839724,178.885814709052,-2.2818926289871544,att._9H_F26a_HqtcGwFIAQb22aSRFgnBc2D8F3DHhIWHhA.JPG,data\train_images\abnormal\att._9H_F26a_HqtcGwFIAQb22aSRFgnBc2D8F3DHhIWHhA.JPG,abnormal
0.45604461431503296,0.3001609444618225,249,109,0.9990979433059692,0.39253488183021545,0.36173832416534424,214,132,0.9982878565788269,0.36004331707954407,0.3308074474334717,196,120,0.9995452761650085,0.29070043563842773,0.5798407196998596,159,211,0.998755931854248,0.2678145468235016,0.578061580657959,146,210,0.9993197917938232,59.96495121509068,-136.40963973694576,-175.55479142019726,22.637137381661283,IMG_7958.JPG,data\train_images\abnormal\IMG_7958.JPG,abnormal
0.3016775846481323,0.13455072045326233,241,71,0.99993896484375,0.28395020961761475,0.2532365322113037,227,135,0.9995424747467041,0.2459443211555481,0.24419134855270386,196,130,0.9999411106109619,0.34394755959510803,0.5514885187149048,275,294,0.9936845898628235,0.3218309283256531,0.5602250099182129,257,299,0.9948780536651611,17.83480762497149,-166.6129770908404,158.44503472744907,-12.473335993191283,IMG_7965.JPG,data\train_images\abnormal\IMG_7965.JPG,abnormal
0.7155029773712158,0.17839521169662476,858,142,0.9975086450576782,0.7691022753715515,0.27363866567611694,922,218,0.9999706745147705,0.7481176853179932,0.28350603580474854,897,226,0.9958005547523499,0.6539430618286133,0.5448887944221497,784,435,0.999656081199646,0.6427304744720459,0.5277732014656067,771,422,0.9970126152038574,-23.282586154784372,154.81616045139216,-123.22918846949057,23.16200245020347,IMG_7966.JPG,data\train_images\abnormal\IMG_7966.JPG,abnormal
0.8094872832298279,0.29589059948921204,485,131,0.9997764229774475,0.8766584396362305,0.38368141651153564,525,170,0.9984056353569031,0.8348146080970764,0.3928479552268982,500,174,0.9986591339111328,0.8788142800331116,0.6187690496444702,527,275,0.9992138147354126,0.8437061309814453,0.5996474623680115,506,266,0.9994246959686279,-26.595905642524766,167.64366406147502,-151.42516258252806,-1.432120127338199,IMG_7972.JPG,data\train_images\abnormal\IMG_7972.JPG,abnormal
0.8085708618164062,0.1354978084564209,582,51,0.9999957084655762,0.8575751185417175,0.2272816002368927,617,85,0.9999914169311523,0.7727635502815247,0.24544638395309448,556,92,0.9998164772987366,0.802350640296936,0.5099910497665405,577,192,0.99986732006073,0.7560594081878662,0.4991351068019867,544,188,0.9997501969337463,-3.7428470617750667,167.91113615526433,-166.80183898558337,7.6375493488127315,IMG_8011.JPG,data\train_images\abnormal\IMG_8011.JPG,abnormal
0.8512089252471924,0.1946294903755188,766,116,0.9936493039131165,0.876621425151825,0.25071197748184204,788,150,0.9987509250640869,0.8504485487937927,0.2679902911186218,765,160,0.9922807812690735,0.8631552457809448,0.46090638637542725,776,276,0.9949979782104492,0.8482946753501892,0.45903560519218445,763,275,0.993320882320404,-10.782699988107442,146.5687615269137,-172.82484126467216,2.2293690148513265,IMG_8013.JPG,data\train_images\abnormal\IMG_8013.JPG,abnormal
0.4206313490867615,0.18181902170181274,269,87,0.9965493679046631,0.30689045786857605,0.43415015935897827,196,208,0.9964721202850342,0.3261198103427887,0.4970494508743286,208,238,0.998461127281189,0.3217395544052124,0.9689489006996155,205,465,0.8479554653167725,0.2932230532169342,0.9778594374656677,187,469,0.8880808353424072,20.149340900117114,73.0007420679215,162.6475676121219,1.0180554068999654,IMG_8014.JPG,data\train_images\abnormal\IMG_8014.JPG,abnormal
0.19186976552009583,0.21888622641563416,117,89,0.9998078942298889,0.14274519681930542,0.2870123088359833,87,117,0.9996868371963501,0.1129118874669075,0.2687435746192932,69,109,0.9999421834945679,0.1271265298128128,0.5413755774497986,77,220,0.9990392923355103,0.09969768673181534,0.5518158078193665,61,225,0.9992375373840332,47.35020981380625,-148.51835165524614,159.16169243020317,3.0709162700395143,istockphoto-163076270-612x612.jpg,data\train_images\abnormal\istockphoto-163076270-612x612.jpg,abnormal
0.45272472500801086,0.3055483102798462,277,124,0.9999951124191284,0.40659821033477783,0.3788822293281555,248,154,0.9999693632125854,0.37142056226730347,0.3858209252357483,227,157,0.9999973773956299,0.4521741569042206,0.6362806558609009,276,259,0.9998039603233337,0.43499383330345154,0.64963698387146,266,265,0.9998874664306641,39.67881258618905,168.84179980916483,142.13778937557655,-11.82757679574282,istockphoto-186082228-612x612.jpg,data\train_images\abnormal\istockphoto-186082228-612x612.jpg,abnormal
0.49246788024902344,0.21312391757965088,301,86,0.9999129772186279,0.5733437538146973,0.27261531352996826,350,111,0.9996026158332825,0.5542632937431335,0.27923715114593506,339,113,0.9993873834609985,0.6681201457977295,0.4889703392982483,408,199,0.9997033476829529,0.6363796591758728,0.4638165235519409,389,189,0.9998378753662109,-48.64002679259002,160.8607655672392,-141.6037518765562,-23.807131921884018,istockphoto-512622794-612x612.jpg,data\train_images\abnormal\istockphoto-512622794-612x612.jpg,abnormal
0.7465707659721375,0.3180166184902191,304,194,0.999687671661377,0.6864326596260071,0.3978860378265381,280,243,0.9999977350234985,0.689167320728302,0.39458441734313965,281,241,0.9993383288383484,0.6018515229225159,0.5719113945960999,245,350,0.9999489784240723,0.593254029750824,0.5629869103431702,242,344,0.9997919201850891,36.91994213011981,-50.3657796507873,-133.93088354266015,27.793807269508186,istockphoto-527319509-612x612.jpg,data\train_images\abnormal\istockphoto-527319509-612x612.jpg,abnormal
0.5515605807304382,0.5904620885848999,317,212,0.9999384880065918,0.3057899475097656,0.6605179309844971,176,237,0.9983932375907898,0.23671656847000122,0.41536885499954224,136,149,0.9986317753791809,-0.3905767798423767,1.114284873008728,-224,401,0.1708143949508667,-0.47543859481811523,0.8216527104377747,-273,295,0.17902861535549164,100.61196841858475,-105.73575107187402,-106.17188590905225,58.591543766357894,istockphoto-589428646-612x612.JPG,data\train_images\abnormal\istockphoto-589428646-612x612.JPG,abnormal
0.48016631603240967,0.3531196415424347,276,114,0.999957799911499,0.590388834476471,0.4694986641407013,340,152,0.9996998310089111,0.3616511821746826,0.46332263946533203,208,150,0.9998351335525513,0.5412189960479736,0.7487655282020569,311,242,0.9929065704345703,0.42515209317207336,0.7353237867355347,244,238,0.9886848330497742,2.09601755844164,-178.4533626577158,-173.39398770274767,-1.4891578282819617,att.BhWqf-wMjFE6MnPPIOETW5RUOp0aJd35Fvy_FvAMAzI.JPG,data\train_images\abnormal\att.BhWqf-wMjFE6MnPPIOETW5RUOp0aJd35Fvy_FvAMAzI.JPG,abnormal
0.41586899757385254,0.32248443365097046,185,144,0.9931464791297913,0.4747832417488098,0.3732074201107025,212,166,0.9995946288108826,0.4798245131969452,0.34574776887893677,214,154,0.9979251623153687,0.4867349863052368,0.5977465510368347,217,267,0.9997318387031555,0.49558505415916443,0.5829165577888489,221,260,0.9987955093383789,-58.94565025154438,-79.59700781787491,-59.17259241239151,-3.4348434095203157,att.G4dQG4hsn07BG78ZOJIHPBNkIyKWx2sRt8OaD3blL2k.JPG,data\train_images\abnormal\att.G4dQG4hsn07BG78ZOJIHPBNkIyKWx2sRt8OaD3blL2k.JPG,abnormal
0.49322009086608887,0.4782349467277527,123,95,0.9997696280479431,0.44949018955230713,0.6572474837303162,112,131,0.9994876384735107,0.234503835439682,0.6350737810134888,58,127,0.9946887493133545,0.36772507429122925,1.184133529663086,91,236,0.25117403268814087,0.196920245885849,1.1851733922958374,49,237,0.17554430663585663,42.004166290468376,-174.11133264638494,179.65118665194743,6.323565633769253,att.iwF1yMYiRzNxR3RpyyN7pGvwXx5V6yYmyakzcFQWe04.JPG,data\train_images\abnormal\att.iwF1yMYiRzNxR3RpyyN7pGvwXx5V6yYmyakzcFQWe04.JPG,abnormal
0.48984917998313904,0.38973844051361084,293,155,0.9990726709365845,0.3874228000640869,0.4717964828014374,232,188,0.9990366697311401,0.21505729854106903,0.4666123688220978,129,186,0.99367755651474,0.19768790900707245,0.8444797396659851,118,337,0.9848284125328064,0.08551669120788574,0.876359224319458,51,350,0.9807767271995544,67.1530287950843,-178.27727511957147,164.13464958530813,22.198222482895265,att.NDCJmzGhaof5bImsRaD_owzbmrG7QGZqFdm-v8O51wU.JPG,data\train_images\abnormal\att.NDCJmzGhaof5bImsRaD_owzbmrG7QGZqFdm-v8O51wU.JPG,abnormal
0.45416176319122314,0.3045918643474579,234,117,0.9997352957725525,0.5884937047958374,0.35428959131240845,303,137,0.9999678134918213,0.5098820328712463,0.4099963307380676,263,158,0.9913873076438904,0.6310303211212158,0.7579047083854675,325,293,0.9993535876274109,0.5682292580604553,0.7427266240119934,293,287,0.9972847700119019,-50.782009985670754,144.67739646300083,-166.41300819232987,-7.801303548010166,att.Ojjw_8800LnX4zvpretnYxObiiXcu2GkwGl3i_30Va8.JPG,data\train_images\abnormal\att.Ojjw_8800LnX4zvpretnYxObiiXcu2GkwGl3i_30Va8.JPG,abnormal
0.5479451417922974,0.34328871965408325,464,181,0.9987967014312744,0.42054057121276855,0.4164690375328064,356,220,0.9995688796043396,0.28698277473449707,0.4930873215198517,243,260,0.9941889047622681,0.261418879032135,0.9234946966171265,221,488,0.8609338402748108,0.15676267445087433,1.001064419746399,132,529,0.8266184329986572,60.137929202250675,150.15834091374103,143.4546719244772,15.910997963677323,att.PotC9Lvn0iYs7X37z0Eb-WS-m5USzR5nc71zeE3mTfg.JPG,data\train_images\abnormal\att.PotC9Lvn0iYs7X37z0Eb-WS-m5USzR5nc71zeE3mTfg.JPG,abnormal
0.790749192237854,0.20648223161697388,395,68,0.9913555979728699,0.7139626741409302,0.3771990239620209,356,125,0.9889116287231445,0.5058361291885376,0.27825912833213806,252,92,0.9029653072357178,0.38961440324783325,0.6666222810745239,194,221,0.9292556047439575,0.27870550751686096,0.5959264039993286,139,198,0.9124570488929749,56.16097542488915,-154.57436329670568,-147.48562786588556,42.251896633105545,att.QGnoReILLR_00rVz3y8xeAhERW8so59nxDxt1tYvH1Q.JPG,data\train_images\abnormal\att.QGnoReILLR_00rVz3y8xeAhERW8so59nxDxt1tYvH1Q.JPG,abnormal
0.5850288271903992,0.36004334688186646,377,154,0.9997498393058777,0.5263180136680603,0.37118732929229736,339,159,0.9998394250869751,0.488602876663208,0.3532508611679077,315,151,0.999947190284729,0.46700355410575867,0.5644935965538025,301,242,0.9997778534889221,0.4354632794857025,0.5824654698371887,280,250,0.9996404647827148,88.39330772961074,-154.56529386924117,150.32520135182077,14.903792044435376,att.QiDujXaVSTsh0u_lgcl5GdZf5i0m9y256yJGO64bm0c.JPG,data\train_images\abnormal\att.QiDujXaVSTsh0u_lgcl5GdZf5i0m9y256yJGO64bm0c.JPG,abnormal
0.5551960468292236,0.5043642520904541,319,193,0.9990121126174927,0.5484275817871094,0.47091594338417053,315,180,0.9998537302017212,0.38250550627708435,0.5384101867675781,220,206,0.98117595911026,0.4308111071586609,0.7345650792121887,248,282,0.9987080097198486,0.34055203199386597,0.803950309753418,196,308,0.9982603192329407,89.80919698531861,157.86435471709376,142.44928983491695,16.779983205939985,att.s2LcCJ0ISC2i06CJHjhoqHxNG_VpHNcM3VdXcDKFyvI.JPG,data\train_images\abnormal\att.s2LcCJ0ISC2i06CJHjhoqHxNG_VpHNcM3VdXcDKFyvI.JPG,abnormal
0.5611531138420105,0.365115761756897,240,118,0.999991774559021,0.6081068515777588,0.43165168166160583,260,139,0.999996542930603,0.2859373092651367,0.4406493008136749,122,142,0.9999873638153076,0.5589637756347656,0.8938124179840088,239,289,0.7206860184669495,0.36147040128707886,0.9203245639801025,154,298,0.6449287533760071,58.10201983107972,178.40024718664586,172.3541408422769,-1.6049938910118147,att.YKhVH6AVGpcgacspWEiRUHtQromaIviFuVrmu1YW9qA.JPG,data\train_images\abnormal\att.YKhVH6AVGpcgacspWEiRUHtQromaIviFuVrmu1YW9qA.JPG,abnormal
0.559672474861145,0.20472919940948486,306,74,0.9999867677688599,0.5834172964096069,0.2972002327442169,319,108,0.9985377788543701,0.4801911413669586,0.3008476495742798,262,109,0.9981659054756165,0.5725196003913879,0.5220390558242798,313,190,0.9993187189102173,0.5089113712310791,0.523276150226593,278,190,0.9995469450950623,16.46473461980147,177.9763395839724,178.885814709052,-2.2818926289871544,att._9H_F26a_HqtcGwFIAQb22aSRFgnBc2D8F3DHhIWHhA.JPG,data\train_images\abnormal\att._9H_F26a_HqtcGwFIAQb22aSRFgnBc2D8F3DHhIWHhA.JPG,abnormal
0.45604461431503296,0.3001609444618225,249,109,0.9990979433059692,0.39253488183021545,0.36173832416534424,214,132,0.9982878565788269,0.36004331707954407,0.3308074474334717,196,120,0.9995452761650085,0.29070043563842773,0.5798407196998596,159,211,0.998755931854248,0.2678145468235016,0.578061580657959,146,210,0.9993197917938232,59.96495121509068,-136.40963973694576,-175.55479142019726,22.637137381661283,IMG_7958.JPG,data\train_images\abnormal\IMG_7958.JPG,abnormal
0.3016775846481323,0.13455072045326233,241,71,0.99993896484375,0.28395020961761475,0.2532365322113037,227,135,0.9995424747467041,0.2459443211555481,0.24419134855270386,196,130,0.9999411106109619,0.34394755959510803,0.5514885187149048,275,294,0.9936845898628235,0.3218309283256531,0.5602250099182129,257,299,0.9948780536651611,17.83480762497149,-166.6129770908404,158.44503472744907,-12.473335993191283,IMG_7965.JPG,data\train_images\abnormal\IMG_7965.JPG,abnormal
0.7155029773712158,0.17839521169662476,858,142,0.9975086450576782,0.7691022753715515,0.27363866567611694,922,218,0.9999706745147705,0.7481176853179932,0.28350603580474854,897,226,0.9958005547523499,0.6539430618286133,0.5448887944221497,784,435,0.999656081199646,0.6427304744720459,0.5277732014656067,771,422,0.9970126152038574,-23.282586154784372,154.81616045139216,-123.22918846949057,23.16200245020347,IMG_7966.JPG,data\train_images\abnormal\IMG_7966.JPG,abnormal
0.8094872832298279,0.29589059948921204,485,131,0.9997764229774475,0.8766584396362305,0.38368141651153564,525,170,0.9984056353569031,0.8348146080970764,0.3928479552268982,500,174,0.9986591339111328,0.8788142800331116,0.6187690496444702,527,275,0.9992138147354126,0.8437061309814453,0.5996474623680115,506,266,0.9994246959686279,-26.595905642524766,167.64366406147502,-151.42516258252806,-1.432120127338199,IMG_7972.JPG,data\train_images\abnormal\IMG_7972.JPG,abnormal
0.8085708618164062,0.1354978084564209,582,51,0.9999957084655762,0.8575751185417175,0.2272816002368927,617,85,0.9999914169311523,0.7727635502815247,0.24544638395309448,556,92,0.9998164772987366,0.802350640296936,0.5099910497665405,577,192,0.99986732006073,0.7560594081878662,0.4991351068019867,544,188,0.9997501969337463,-3.7428470617750667,167.91113615526433,-166.80183898558337,7.6375493488127315,IMG_8011.JPG,data\train_images\abnormal\IMG_8011.JPG,abnormal
0.8512089252471924,0.1946294903755188,766,116,0.9936493039131165,0.876621425151825,0.25071197748184204,788,150,0.9987509250640869,0.8504485487937927,0.2679902911186218,765,160,0.9922807812690735,0.8631552457809448,0.46090638637542725,776,276,0.9949979782104492,0.8482946753501892,0.45903560519218445,763,275,0.993320882320404,-10.782699988107442,146.5687615269137,-172.82484126467216,2.2293690148513265,IMG_8013.JPG,data\train_images\abnormal\IMG_8013.JPG,abnormal
0.4206313490867615,0.18181902170181274,269,87,0.9965493679046631,0.30689045786857605,0.43415015935897827,196,208,0.9964721202850342,0.3261198103427887,0.4970494508743286,208,238,0.998461127281189,0.3217395544052124,0.9689489006996155,205,465,0.8479554653167725,0.2932230532169342,0.9778594374656677,187,469,0.8880808353424072,20.149340900117114,73.0007420679215,162.6475676121219,1.0180554068999654,IMG_8014.JPG,data\train_images\abnormal\IMG_8014.JPG,abnormal
0.19186976552009583,0.21888622641563416,117,89,0.9998078942298889,0.14274519681930542,0.2870123088359833,87,117,0.9996868371963501,0.1129118874669075,0.2687435746192932,69,109,0.9999421834945679,0.1271265298128128,0.5413755774497986,77,220,0.9990392923355103,0.09969768673181534,0.5518158078193665,61,225,0.9992375373840332,47.35020981380625,-148.51835165524614,159.16169243020317,3.0709162700395143,istockphoto-163076270-612x612.jpg,data\train_images\abnormal\istockphoto-163076270-612x612.jpg,abnormal
0.45272472500801086,0.3055483102798462,277,124,0.9999951124191284,0.40659821033477783,0.3788822293281555,248,154,0.9999693632125854,0.37142056226730347,0.3858209252357483,227,157,0.9999973773956299,0.4521741569042206,0.6362806558609009,276,259,0.9998039603233337,0.43499383330345154,0.64963698387146,266,265,0.9998874664306641,39.67881258618905,168.84179980916483,142.13778937557655,-11.82757679574282,istockphoto-186082228-612x612.jpg,data\train_images\abnormal\istockphoto-186082228-612x612.jpg,abnormal
0.49246788024902344,0.21312391757965088,301,86,0.9999129772186279,0.5733437538146973,0.27261531352996826,350,111,0.9996026158332825,0.5542632937431335,0.27923715114593506,339,113,0.9993873834609985,0.6681201457977295,0.4889703392982483,408,199,0.9997033476829529,0.6363796591758728,0.4638165235519409,389,189,0.9998378753662109,-48.64002679259002,160.8607655672392,-141.6037518765562,-23.807131921884018,istockphoto-512622794-612x612.jpg,data\train_images\abnormal\istockphoto-512622794-612x612.jpg,abnormal
0.7465707659721375,0.3180166184902191,304,194,0.999687671661377,0.6864326596260071,0.3978860378265381,280,243,0.9999977350234985,0.689167320728302,0.39458441734313965,281,241,0.9993383288383484,0.6018515229225159,0.5719113945960999,245,350,0.9999489784240723,0.593254029750824,0.5629869103431702,242,344,0.9997919201850891,36.91994213011981,-50.3657796507873,-133.93088354266015,27.793807269508186,istockphoto-527319509-612x612.jpg,data\train_images\abnormal\istockphoto-527319509-612x612.jpg,abnormal
0.5515605807304382,0.5904620885848999,317,212,0.9999384880065918,0.3057899475097656,0.6605179309844971,176,237,0.9983932375907898,0.23671656847000122,0.41536885499954224,136,149,0.9986317753791809,-0.3905767798423767,1.114284873008728,-224,401,0.1708143949508667,-0.47543859481811523,0.8216527104377747,-273,295,0.17902861535549164,100.61196841858475,-105.73575107187402,-106.17188590905225,58.591543766357894,istockphoto-589428646-612x612.JPG,data\train_images\abnormal\istockphoto-589428646-612x612.JPG,abnormal
